{
    "subjects": {
        "20306f40-8b01-44a1-ad54-86a4192f763c": {
            "type": "software",
            "name": "Producten",
            "metrics": {
                "2199c551-731d-48c0-ad70-aaa44ea0c7cd": {
                    "type": "compliance",
                    "name": "M01: Het project ontvangt en levert in elke fase vastgestelde producten en informatie",
                    "secondary_name": "1. Business impact analyse",
                    "sources": {
                        "3dd6c128-7464-485b-8890-81864ceb1b93": {
                            "type": "manual_number",
                            "parameters": {}
                        }
                    },
                    "target": "100",
                    "near_target": "80"
                },
                "be0bf642-0b55-46ef-b433-05ebc404bec6": {
                    "type": "compliance",
                    "name": "M01: Het project ontvangt en levert in elke fase vastgestelde producten en informatie",
                    "secondary_name": "2. Data protection impact assessment",
                    "sources": {
                        "dad959ec-4b80-4f64-b9ff-9417be63b5cb": {
                            "type": "manual_number",
                            "parameters": {}
                        }
                    },
                    "target": "100",
                    "near_target": "80"
                },
                "37b42877-fc28-473d-95f0-79e23afbd433": {
                    "type": "compliance",
                    "name": "M01: Het project ontvangt en levert in elke fase vastgestelde producten en informatie",
                    "secondary_name": "3. Impact assessment mensenrechten en algoritmes",
                    "sources": {
                        "9ca66e9c-ea1a-476d-8928-37e4a8effeac": {
                            "type": "manual_number",
                            "parameters": {}
                        }
                    },
                    "target": "100",
                    "near_target": "80"
                },
                "1a33123f-da92-47b8-801d-27e61d8c3b8a": {
                    "type": "compliance",
                    "name": "M01: Het project ontvangt en levert in elke fase vastgestelde producten en informatie",
                    "secondary_name": "4. Projectstartarchitectuur en solution architectuur ",
                    "sources": {
                        "c9799090-ced5-46e8-b75f-c98a746dfaa6": {
                            "type": "manual_number",
                            "parameters": {}
                        }
                    },
                    "target": "100",
                    "near_target": "80"
                },
                "a48f5556-fb48-4a2d-b5a4-c7d5bd46d834": {
                    "type": "compliance",
                    "name": "M01: Het project ontvangt en levert in elke fase vastgestelde producten en informatie",
                    "secondary_name": "5. Afspraken met de beheerorganisatie ",
                    "sources": {
                        "460e54aa-f773-4d15-9d60-7e1d7d15383f": {
                            "type": "manual_number",
                            "parameters": {}
                        }
                    },
                    "target": "100",
                    "near_target": "80"
                },
                "2b8a1dfe-c3a1-4583-b749-8d4dfd4fd239": {
                    "type": "compliance",
                    "name": "M01: Het project ontvangt en levert in elke fase vastgestelde producten en informatie",
                    "secondary_name": "6. Plan van aanpak: voorfase ",
                    "sources": {
                        "c299abde-2c41-48cc-933a-16dd72c52e31": {
                            "type": "manual_number",
                            "parameters": {}
                        }
                    },
                    "target": "100",
                    "near_target": "80"
                },
                "c723ed93-a721-4a3b-a714-c3e5b9a8c1ae": {
                    "type": "compliance",
                    "name": "M01: Het project ontvangt en levert in elke fase vastgestelde producten en informatie",
                    "secondary_name": "7. Beschrijving van functionele eisen ",
                    "sources": {
                        "a5aad44b-5e66-4ce0-a959-a86e4a987520": {
                            "type": "manual_number",
                            "parameters": {}
                        }
                    },
                    "target": "100",
                    "near_target": "80"
                },
                "2f5cb8a0-cd8c-4578-b3f8-dd4058ade159": {
                    "type": "compliance",
                    "name": "M01: Het project ontvangt en levert in elke fase vastgestelde producten en informatie",
                    "secondary_name": "8. Beschrijving van niet-functionele eisen ",
                    "sources": {
                        "9b51e192-ebc8-4aa1-8f0e-2d8dfec5c663": {
                            "type": "manual_number",
                            "parameters": {}
                        }
                    },
                    "target": "100",
                    "near_target": "80"
                },
                "514ca44a-b1fe-4651-a89d-96654cc87779": {
                    "type": "compliance",
                    "name": "M01: Het project ontvangt en levert in elke fase vastgestelde producten en informatie",
                    "secondary_name": "9. Product backlog",
                    "sources": {
                        "04c39392-5eed-43c9-91f0-58d82333160d": {
                            "type": "manual_number",
                            "parameters": {}
                        }
                    },
                    "target": "100",
                    "near_target": "80"
                },
                "6907376f-9f7d-4110-80b6-c184083dfefb": {
                    "type": "compliance",
                    "name": "M01: Het project ontvangt en levert in elke fase vastgestelde producten en informatie",
                    "secondary_name": "10. Ontwerp- en architectuurdocumentatie",
                    "sources": {
                        "2542f5d8-9b3b-447c-97fe-702428c9c44f": {
                            "type": "manual_number",
                            "parameters": {}
                        }
                    },
                    "target": "100",
                    "near_target": "80"
                },
                "0a703bbe-6ded-4d4b-95f3-1d3643864d5a": {
                    "type": "compliance",
                    "name": "M01: Het project ontvangt en levert in elke fase vastgestelde producten en informatie",
                    "secondary_name": "11. Mastertestplan",
                    "sources": {
                        "dae0273f-fa49-4baf-a14f-ca261ea0bf15": {
                            "type": "manual_number",
                            "parameters": {}
                        }
                    },
                    "target": "100",
                    "near_target": "80"
                },
                "24ed3b6a-277a-42c5-855e-7abfe824c0f3": {
                    "type": "compliance",
                    "name": "M01: Het project ontvangt en levert in elke fase vastgestelde producten en informatie",
                    "secondary_name": "12. Detailtestplannen",
                    "sources": {
                        "0637977d-2705-48df-b78a-99f28a4873a3": {
                            "type": "manual_number",
                            "parameters": {}
                        }
                    },
                    "target": "100",
                    "near_target": "80"
                },
                "603e0a7b-ee56-4ed7-876a-edc815388150": {
                    "type": "compliance",
                    "name": "M01: Het project ontvangt en levert in elke fase vastgestelde producten en informatie",
                    "secondary_name": "13. Informatiebeveiligingsplan",
                    "sources": {
                        "34cff590-09fe-4ef6-8e46-ddc5be3ae31f": {
                            "type": "manual_number",
                            "parameters": {}
                        }
                    },
                    "target": "100",
                    "near_target": "80"
                },
                "cb86e098-8432-4bdb-b7c2-1269975faa5c": {
                    "type": "compliance",
                    "name": "M01: Het project ontvangt en levert in elke fase vastgestelde producten en informatie",
                    "secondary_name": "14. Kwaliteitsplan",
                    "sources": {
                        "f78d6898-90d2-4e7a-9426-21e07b2a6528": {
                            "type": "manual_number",
                            "parameters": {}
                        }
                    },
                    "target": "100",
                    "near_target": "80"
                },
                "e556f6f0-e481-44c3-a4c6-9c131f7ccb24": {
                    "type": "compliance",
                    "name": "M01: Het project ontvangt en levert in elke fase vastgestelde producten en informatie",
                    "secondary_name": "15. Plan van aanpak: realisatiefase",
                    "sources": {
                        "1950aa61-536b-411a-a434-54498e2cb9f6": {
                            "type": "manual_number",
                            "parameters": {}
                        }
                    },
                    "target": "100",
                    "near_target": "80"
                },
                "57ef6ad9-f594-435f-94ce-983a71d6421d": {
                    "type": "compliance",
                    "name": "M01: Het project ontvangt en levert in elke fase vastgestelde producten en informatie",
                    "secondary_name": "16. Deploybare versie van de software",
                    "sources": {
                        "43baf636-4255-4d33-b0aa-7bfea8bfa53b": {
                            "type": "manual_number",
                            "parameters": {}
                        }
                    },
                    "target": "100",
                    "near_target": "80"
                },
                "2e8b6a7b-c73c-4400-92d4-84bfd2e09be2": {
                    "type": "compliance",
                    "name": "M01: Het project ontvangt en levert in elke fase vastgestelde producten en informatie",
                    "secondary_name": "17. Testrapportages",
                    "sources": {
                        "d0f07235-cf7e-4db5-9c05-c5aaec62e323": {
                            "type": "manual_number",
                            "parameters": {}
                        }
                    },
                    "target": "100",
                    "near_target": "80"
                },
                "77f1df84-3dac-4c21-8c8b-d59e5f2f96a3": {
                    "type": "compliance",
                    "name": "M01: Het project ontvangt en levert in elke fase vastgestelde producten en informatie",
                    "secondary_name": "18. Documentatie voor deployment en operationeel beheer",
                    "sources": {
                        "cab36bbe-9a48-4568-9741-7a74bcf22164": {
                            "type": "manual_number",
                            "parameters": {}
                        }
                    },
                    "target": "100",
                    "near_target": "80"
                },
                "5334e32b-633c-4753-a1eb-8d4fa550a8f1": {
                    "type": "compliance",
                    "name": "M01: Het project ontvangt en levert in elke fase vastgestelde producten en informatie",
                    "secondary_name": "19. Software bill of materials",
                    "sources": {
                        "4097ef5c-e885-4ae7-92be-e21d8c88067a": {
                            "type": "manual_number",
                            "parameters": {}
                        }
                    },
                    "target": "100",
                    "near_target": "80"
                },
                "4534f7d1-0a69-43fd-b243-353d3db459e3": {
                    "type": "compliance",
                    "name": "M01: Het project ontvangt en levert in elke fase vastgestelde producten en informatie",
                    "secondary_name": "20. Release notes",
                    "sources": {
                        "a7cab26b-ecce-4ee1-ad4f-54d1b9ee730f": {
                            "type": "manual_number",
                            "parameters": {}
                        }
                    },
                    "target": "100",
                    "near_target": "80"
                },
                "e93f47be-d5f5-43ba-9cc5-af7d9eb4aa76": {
                    "type": "compliance",
                    "name": "M01: Het project ontvangt en levert in elke fase vastgestelde producten en informatie",
                    "secondary_name": "21. Vrijgaveadvies",
                    "sources": {
                        "1d24e256-106c-4b46-8404-bd79995fcdbb": {
                            "type": "manual_number",
                            "parameters": {}
                        }
                    },
                    "target": "100",
                    "near_target": "80"
                },
                "9aa01b96-6de9-49e4-bed3-59ff3089ff12": {
                    "type": "compliance",
                    "name": "M32: Het project onderzoekt de kwaliteit van over te nemen software",
                    "secondary_name": "1. Een rapportage met tenminste de bevindingen, risico's voor opdrachtgevende organisatie en ICTU, en mitigerende maatregelen",
                    "sources": {
                        "3ed1c51d-91cb-499f-8f39-8be61d16e1e8": {
                            "type": "manual_number",
                            "parameters": {}
                        }
                    },
                    "target": "100",
                    "near_target": "80"
                },
                "e4c8feac-5577-4ca4-99bc-0cefeb0af111": {
                    "type": "compliance",
                    "name": "M32: Het project onderzoekt de kwaliteit van over te nemen software",
                    "secondary_name": "2. Een transitieplan dat de activiteiten beschrijft die nodig zijn om de software af te bouwen of te herbouwen en te onderhouden",
                    "sources": {
                        "d7c64771-1a8a-46df-a352-7223249d86c1": {
                            "type": "manual_number",
                            "parameters": {}
                        }
                    },
                    "target": "100",
                    "near_target": "80"
                },
                "c31cf1e3-2e38-4952-896f-9ad260711dbe": {
                    "type": "compliance",
                    "name": "M32: Het project onderzoekt de kwaliteit van over te nemen software",
                    "secondary_name": "3. Als er significante technische schuld aanwezig is in de bestaande software: een plan voor het aflossen van deze schuld",
                    "sources": {
                        "e9b1d900-77fc-42dc-9be3-c064561f2b45": {
                            "type": "manual_number",
                            "parameters": {}
                        }
                    },
                    "target": "100",
                    "near_target": "80"
                },
                "87ff5bae-ac61-4c4e-9b7c-8cfb6d74bce3": {
                    "type": "compliance",
                    "name": "M02: Het project bewaakt continu dat het product aan de kwaliteitsnormen voldoet",
                    "secondary_name": "1. Tijdens de voorfase: het project reviewt de deliverables periodiek",
                    "sources": {
                        "280c4d4e-dcf8-4f93-9788-54b797712fc0": {
                            "type": "manual_number",
                            "parameters": {}
                        }
                    },
                    "target": "100",
                    "near_target": "80"
                },
                "1ddca160-dae0-4c79-acd6-c4fed3e84dc1": {
                    "type": "compliance",
                    "name": "M02: Het project bewaakt continu dat het product aan de kwaliteitsnormen voldoet",
                    "secondary_name": "2. Tijdens de realisatiefase: het project bewaakt op dagelijkse basis en geautomatiseerd de kwaliteit van de software",
                    "sources": {
                        "978f4d37-552a-48cf-a98e-88abfbe4e4f3": {
                            "type": "manual_number",
                            "parameters": {}
                        }
                    },
                    "target": "100",
                    "near_target": "80"
                },
                "8b179840-eca4-46ff-a485-1f9d80244856": {
                    "type": "compliance",
                    "name": "M02: Het project bewaakt continu dat het product aan de kwaliteitsnormen voldoet",
                    "secondary_name": "3. Als operationeel beheer onderdeel is van de dienstverlening tijdens de realisatiefase: het project bewaakt op dagelijkse basis en geautomatiseerd het gedrag van de software in gebruik en beheer",
                    "sources": {
                        "0be870d6-54d5-4bee-9941-453ec7c48a1f": {
                            "type": "manual_number",
                            "parameters": {}
                        }
                    },
                    "target": "100",
                    "near_target": "80"
                },
                "2c53d602-24e2-43a3-9a01-12efd3fc3478": {
                    "type": "compliance",
                    "name": "M02: Het project bewaakt continu dat het product aan de kwaliteitsnormen voldoet",
                    "secondary_name": "4. Tijdens de realisatiefase: het project evalueert periodiek en handmatig de kwaliteitseigenschappen van de software die niet geautomatiseerd kunnen worden gemeten",
                    "sources": {
                        "a6d49c5a-82eb-43e4-a3a9-a8c5a9bf0ae4": {
                            "type": "manual_number",
                            "parameters": {}
                        }
                    },
                    "target": "100",
                    "near_target": "80"
                },
                "d9ffe1b0-3b89-4e29-a34f-c72e11e3e98e": {
                    "type": "compliance",
                    "name": "M02: Het project bewaakt continu dat het product aan de kwaliteitsnormen voldoet",
                    "secondary_name": "5. Tijdens de realisatiefase: het project actualiseert en reviewt periodiek de documentatie",
                    "sources": {
                        "e0f7c57a-b1f8-4360-9fad-3fad2c282a83": {
                            "type": "manual_number",
                            "parameters": {}
                        }
                    },
                    "target": "100",
                    "near_target": "80"
                },
                "319d6c68-9f8e-451d-98c0-04c24d359299": {
                    "type": "compliance",
                    "name": "M02: Het project bewaakt continu dat het product aan de kwaliteitsnormen voldoet",
                    "secondary_name": "6. Indien nodig: de kwaliteitsmanager escaleert het langdurig niet halen van de kwaliteitsnormen",
                    "sources": {
                        "aac8e47f-0c29-47cc-89b8-3334ba3b34a1": {
                            "type": "manual_number",
                            "parameters": {}
                        }
                    },
                    "target": "100",
                    "near_target": "80"
                },
                "e996b3d5-1f1f-40c8-9cf6-75bee17bd826": {
                    "type": "compliance",
                    "name": "M03: Het project zorgt dat het product traceerbaar aan eisen voldoet",
                    "secondary_name": "",
                    "sources": {
                        "6edd0e16-899e-4505-83ff-a719445aa0be": {
                            "type": "manual_number",
                            "parameters": {}
                        }
                    },
                    "target": "100",
                    "near_target": "80"
                },
                "852effdb-c9fb-41a2-b0a0-4889a4c7e5eb": {
                    "type": "compliance",
                    "name": "M04: Het project borgt de correcte werking van het product met geautomatiseerde regressietests",
                    "secondary_name": "",
                    "sources": {
                        "d50d6718-9157-4930-b1b2-81049f565aba": {
                            "type": "manual_number",
                            "parameters": {}
                        }
                    },
                    "target": "100",
                    "near_target": "80"
                },
                "07f370d7-0523-4f4c-8f6a-291cfa275d98": {
                    "type": "compliance",
                    "name": "M07: Het project gebruikt een continuous delivery pipeline om het product te bouwen, testen en op te leveren",
                    "secondary_name": "1. Bouw van de software",
                    "sources": {
                        "85cc991d-1fd9-409b-9002-bcffc8a2ad93": {
                            "type": "manual_number",
                            "parameters": {}
                        }
                    },
                    "target": "100",
                    "near_target": "80"
                },
                "46da2511-fbf5-4be1-bfb5-02f2a589bfec": {
                    "type": "compliance",
                    "name": "M07: Het project gebruikt een continuous delivery pipeline om het product te bouwen, testen en op te leveren",
                    "secondary_name": "2. Unit tests",
                    "sources": {
                        "b7f94f3f-694d-4709-96b7-d9f103b1ed94": {
                            "type": "manual_number",
                            "parameters": {}
                        }
                    },
                    "target": "100",
                    "near_target": "80"
                },
                "c611f165-9c03-4c2b-b015-004ea54987f2": {
                    "type": "compliance",
                    "name": "M07: Het project gebruikt een continuous delivery pipeline om het product te bouwen, testen en op te leveren",
                    "secondary_name": "3. Regressietests",
                    "sources": {
                        "3d7f1487-5fb3-416e-bd21-b4ec60b9dc35": {
                            "type": "manual_number",
                            "parameters": {}
                        }
                    },
                    "target": "100",
                    "near_target": "80"
                },
                "07ca5c13-2832-423d-8944-ba6aa507f3a4": {
                    "type": "compliance",
                    "name": "M07: Het project gebruikt een continuous delivery pipeline om het product te bouwen, testen en op te leveren",
                    "secondary_name": "4. Beveiligingstests",
                    "sources": {
                        "4da3c90d-2d47-4bbc-8237-47b12ed48df5": {
                            "type": "manual_number",
                            "parameters": {}
                        }
                    },
                    "target": "100",
                    "near_target": "80"
                },
                "7d66600c-93d4-4bd3-8d74-e02fa81dab10": {
                    "type": "compliance",
                    "name": "M07: Het project gebruikt een continuous delivery pipeline om het product te bouwen, testen en op te leveren",
                    "secondary_name": "5. Performancetests",
                    "sources": {
                        "54895f84-0a70-4fbf-a30f-0d0a39d7f5ea": {
                            "type": "manual_number",
                            "parameters": {}
                        }
                    },
                    "target": "100",
                    "near_target": "80"
                },
                "1a626311-0893-4cfc-b712-eeaca894b211": {
                    "type": "compliance",
                    "name": "M07: Het project gebruikt een continuous delivery pipeline om het product te bouwen, testen en op te leveren",
                    "secondary_name": "6. Toegankelijkheidstests",
                    "sources": {
                        "466adb8e-c421-4939-a76e-0f50ffc0134c": {
                            "type": "manual_number",
                            "parameters": {}
                        }
                    },
                    "target": "100",
                    "near_target": "80"
                },
                "6f378225-468f-4a02-8d9a-5f5f30fc0352": {
                    "type": "compliance",
                    "name": "M07: Het project gebruikt een continuous delivery pipeline om het product te bouwen, testen en op te leveren",
                    "secondary_name": "7. Broncodekwaliteitscontroles",
                    "sources": {
                        "8e9b1a26-ec65-4cc2-91fa-1f536235defc": {
                            "type": "manual_number",
                            "parameters": {}
                        }
                    },
                    "target": "100",
                    "near_target": "80"
                },
                "ebe3be96-a259-453e-82b1-03591a94b081": {
                    "type": "compliance",
                    "name": "M07: Het project gebruikt een continuous delivery pipeline om het product te bouwen, testen en op te leveren",
                    "secondary_name": "8. Installatie van de software in test, acceptatie en/of productieomgevingen",
                    "sources": {
                        "8c2ceebf-4290-42a0-a619-4d4e36daccd3": {
                            "type": "manual_number",
                            "parameters": {}
                        }
                    },
                    "target": "100",
                    "near_target": "80"
                },
                "98646b3b-b557-4915-b257-d180c96cd7f5": {
                    "type": "compliance",
                    "name": "M07: Het project gebruikt een continuous delivery pipeline om het product te bouwen, testen en op te leveren",
                    "secondary_name": "9. Oplevering van het totale product, dus inclusief alle deliverables, in de vorm zoals bruikbaar voor en afgesproken met de opdrachtgevende organisatie",
                    "sources": {
                        "3459b428-7eb4-416c-80ec-229c15e3ab41": {
                            "type": "manual_number",
                            "parameters": {}
                        }
                    },
                    "target": "100",
                    "near_target": "80"
                },
                "9f5ad396-f55c-4e42-9235-5347c0a55e5f": {
                    "type": "compliance",
                    "name": "M16: Het project gebruikt tools voor vastgestelde taken",
                    "secondary_name": "1. Product en sprint backlog management en agile werken",
                    "sources": {
                        "af901df9-3094-4420-aeba-0835cf75f3cb": {
                            "type": "manual_number",
                            "parameters": {}
                        }
                    },
                    "target": "100",
                    "near_target": "80"
                },
                "77c5c3a1-f601-41c9-a5dc-f1d318da87d2": {
                    "type": "compliance",
                    "name": "M16: Het project gebruikt tools voor vastgestelde taken",
                    "secondary_name": "2. Inrichten en uitvoeren van een continuous delivery pipeline",
                    "sources": {
                        "9167898c-cdf3-4a98-9049-7f69949b62dd": {
                            "type": "manual_number",
                            "parameters": {}
                        }
                    },
                    "target": "100",
                    "near_target": "80"
                },
                "f22b059b-a4ec-480d-81c7-ceefcbc6bc2f": {
                    "type": "compliance",
                    "name": "M16: Het project gebruikt tools voor vastgestelde taken",
                    "secondary_name": "3. Monitoren van de kwaliteit van broncode",
                    "sources": {
                        "ec98de20-993d-43fc-b7e9-51735d90af15": {
                            "type": "manual_number",
                            "parameters": {}
                        }
                    },
                    "target": "100",
                    "near_target": "80"
                },
                "c2ea8384-4a9d-4692-9af3-ad9c265f9d21": {
                    "type": "compliance",
                    "name": "M16: Het project gebruikt tools voor vastgestelde taken",
                    "secondary_name": "4. Versiebeheer van op te leveren producten",
                    "sources": {
                        "2973f9ef-8072-4378-9ad3-f8090171cc10": {
                            "type": "manual_number",
                            "parameters": {}
                        }
                    },
                    "target": "100",
                    "near_target": "80"
                },
                "f5510821-ecff-4981-bb69-01142bad74ae": {
                    "type": "compliance",
                    "name": "M16: Het project gebruikt tools voor vastgestelde taken",
                    "secondary_name": "5. Release van software",
                    "sources": {
                        "dd162362-a63f-421f-8bc7-d8331270906e": {
                            "type": "manual_number",
                            "parameters": {}
                        }
                    },
                    "target": "100",
                    "near_target": "80"
                },
                "fef6b155-9647-4087-b2bd-76f51813b60c": {
                    "type": "compliance",
                    "name": "M16: Het project gebruikt tools voor vastgestelde taken",
                    "secondary_name": "6. Maken van testrapportages",
                    "sources": {
                        "da62692b-8676-40d6-bc84-609057c18999": {
                            "type": "manual_number",
                            "parameters": {}
                        }
                    },
                    "target": "100",
                    "near_target": "80"
                },
                "c3390511-319f-44a4-9f74-7c2d319e1a82": {
                    "type": "compliance",
                    "name": "M16: Het project gebruikt tools voor vastgestelde taken",
                    "secondary_name": "7. Maken van kwaliteitsrapportages",
                    "sources": {
                        "ad357dfb-14f1-4c75-8d61-a073b004383a": {
                            "type": "manual_number",
                            "parameters": {}
                        }
                    },
                    "target": "100",
                    "near_target": "80"
                },
                "3f736702-8837-4a0a-b3e7-21eb94869f60": {
                    "type": "compliance",
                    "name": "M16: Het project gebruikt tools voor vastgestelde taken",
                    "secondary_name": "8. Controleren op aanwezigheid van bekende kwetsbaarheden in externe software",
                    "sources": {
                        "7d4ff841-e543-4a33-bf70-151ce6a91ad5": {
                            "type": "manual_number",
                            "parameters": {}
                        }
                    },
                    "target": "100",
                    "near_target": "80"
                },
                "72d0c762-d76e-4235-bc12-602b1974ed4f": {
                    "type": "compliance",
                    "name": "M16: Het project gebruikt tools voor vastgestelde taken",
                    "secondary_name": "9. Statische controle van de software op aanwezigheid van kwetsbare constructies",
                    "sources": {
                        "130a5667-8ccc-4457-8151-389155d647db": {
                            "type": "manual_number",
                            "parameters": {}
                        }
                    },
                    "target": "100",
                    "near_target": "80"
                },
                "eb901a1f-857d-469e-898e-99db6c43b32c": {
                    "type": "compliance",
                    "name": "M16: Het project gebruikt tools voor vastgestelde taken",
                    "secondary_name": "10. Dynamische controle van de software op aanwezigheid van kwetsbare constructies",
                    "sources": {
                        "5939cd41-84cc-4920-b503-f9720e91d3a9": {
                            "type": "manual_number",
                            "parameters": {}
                        }
                    },
                    "target": "100",
                    "near_target": "80"
                },
                "500e5158-cb1d-4097-a146-9953811b9995": {
                    "type": "compliance",
                    "name": "M16: Het project gebruikt tools voor vastgestelde taken",
                    "secondary_name": "11. Controleren van container images op aanwezigheid van bekende kwetsbaarheden",
                    "sources": {
                        "a8055283-9973-4421-8f04-03c8130ba6f8": {
                            "type": "manual_number",
                            "parameters": {}
                        }
                    },
                    "target": "100",
                    "near_target": "80"
                },
                "402a7308-1cf9-4160-b394-e4b1a6e669f9": {
                    "type": "compliance",
                    "name": "M16: Het project gebruikt tools voor vastgestelde taken",
                    "secondary_name": "12. Testen van performance en schaalbaarheid",
                    "sources": {
                        "b03be5ab-80e6-4736-8e37-eed734429219": {
                            "type": "manual_number",
                            "parameters": {}
                        }
                    },
                    "target": "100",
                    "near_target": "80"
                },
                "dc857720-1383-4b39-b8da-747e9c35c8d3": {
                    "type": "compliance",
                    "name": "M16: Het project gebruikt tools voor vastgestelde taken",
                    "secondary_name": "13. Testen op toegankelijkheid van de applicatie",
                    "sources": {
                        "1e71a49a-ba13-488a-910d-4ea99adf241d": {
                            "type": "manual_number",
                            "parameters": {}
                        }
                    },
                    "target": "100",
                    "near_target": "80"
                },
                "05874e2c-4d9f-4056-be1e-c6645cc2be32": {
                    "type": "compliance",
                    "name": "M16: Het project gebruikt tools voor vastgestelde taken",
                    "secondary_name": "14. Produceren van een \"software bill of materials\" (SBoM)",
                    "sources": {
                        "319736ec-8ec9-4364-9ef6-94a26c8cee39": {
                            "type": "manual_number",
                            "parameters": {}
                        }
                    },
                    "target": "100",
                    "near_target": "80"
                },
                "27c60bb9-92ab-4827-bf42-8419a337d4fd": {
                    "type": "compliance",
                    "name": "M16: Het project gebruikt tools voor vastgestelde taken",
                    "secondary_name": "15. Opslaan van artifacten",
                    "sources": {
                        "704e9bab-5e78-43b0-b8d0-283fa5eaacba": {
                            "type": "manual_number",
                            "parameters": {}
                        }
                    },
                    "target": "100",
                    "near_target": "80"
                },
                "ffebe8b8-5402-49a6-b85f-65444216964f": {
                    "type": "compliance",
                    "name": "M16: Het project gebruikt tools voor vastgestelde taken",
                    "secondary_name": "16. Registratie van incidenten bij gebruik en beheer",
                    "sources": {
                        "444af829-0d3c-45ef-9e14-e8c31c1bc1ff": {
                            "type": "manual_number",
                            "parameters": {}
                        }
                    },
                    "target": "100",
                    "near_target": "80"
                },
                "561aee4f-c493-4e5c-bb17-838cfd2772d3": {
                    "type": "compliance",
                    "name": "M16: Het project gebruikt tools voor vastgestelde taken",
                    "secondary_name": "17. Bij het uitvoeren van operationeel beheer; uitrollen van de software in de productieomgeving",
                    "sources": {
                        "f70602a4-5a0e-4257-8b2a-bd7c1e977dfc": {
                            "type": "manual_number",
                            "parameters": {}
                        }
                    },
                    "target": "100",
                    "near_target": "80"
                },
                "e5e8764a-9ed3-489c-a899-c99763d147d8": {
                    "type": "compliance",
                    "name": "M08: Het project maakt technische schuld inzichtelijk en lost deze planmatig op",
                    "secondary_name": "",
                    "sources": {
                        "c44e51ca-eea2-4a73-9d95-5f4c3156a3c4": {
                            "type": "manual_number",
                            "parameters": {}
                        }
                    },
                    "target": "100",
                    "near_target": "80"
                },
                "0ee8802c-5409-4096-970d-93bf728205e7": {
                    "type": "compliance",
                    "name": "M26: Het project laat de beveiliging van het ontwikkelde product periodiek beoordelen",
                    "secondary_name": "",
                    "sources": {
                        "d12fa82d-6d3a-4bd5-a450-865c52f6fa31": {
                            "type": "manual_number",
                            "parameters": {}
                        }
                    },
                    "target": "100",
                    "near_target": "80"
                }
            }
        },
        "5f9eec45-8e71-4e99-a5a9-6c2d3d483c51": {
            "type": "software",
            "name": "Processen",
            "metrics": {
                "981bc79e-9ead-46d4-9c76-a601507f77f0": {
                    "type": "compliance",
                    "name": "M14: Het project bereidt samen met opdrachtgevende organisatie en betrokken partijen de realisatie voor",
                    "secondary_name": "",
                    "sources": {
                        "569d1574-1edc-4af5-887c-7822800c65cf": {
                            "type": "manual_number",
                            "parameters": {}
                        }
                    },
                    "target": "100",
                    "near_target": "80"
                },
                "c0a41562-717d-4f56-9a2d-5ee911bc8773": {
                    "type": "compliance",
                    "name": "M21: Het project selecteert medewerkers op basis van kwaliteit",
                    "secondary_name": "",
                    "sources": {
                        "65038912-a4bc-4918-abd9-296869432808": {
                            "type": "manual_number",
                            "parameters": {}
                        }
                    },
                    "target": "100",
                    "near_target": "80"
                },
                "4d8713a2-dddf-49d2-a96c-9890ec69f444": {
                    "type": "compliance",
                    "name": "M23: Het project zorgt voor de aanwezigheid van kennis van en ervaring met de Kwaliteitsaanpak",
                    "secondary_name": "",
                    "sources": {
                        "952aaaf7-438b-4438-bd85-e938b7b4fb8e": {
                            "type": "manual_number",
                            "parameters": {}
                        }
                    },
                    "target": "100",
                    "near_target": "80"
                },
                "acbaa0d1-49c6-42e6-8552-2e64610f87d2": {
                    "type": "compliance",
                    "name": "M05: Het project hanteert een iteratief en incrementeel ontwikkelproces",
                    "secondary_name": "1. Scrumteam bestaand uit product owner, ontwikkelaars (zoals programmeurs, testers en ontwerpers) en Scrummaster",
                    "sources": {
                        "823adb6f-5617-434a-86d0-54a9906b2e24": {
                            "type": "manual_number",
                            "parameters": {}
                        }
                    },
                    "target": "100",
                    "near_target": "80"
                },
                "ed3db659-c24c-47ad-8510-5fb2784a63f2": {
                    "type": "compliance",
                    "name": "M05: Het project hanteert een iteratief en incrementeel ontwikkelproces",
                    "secondary_name": "2. Proces met daily scrum, sprints, sprint planning, sprint review, sprint retrospective en sprint refinement",
                    "sources": {
                        "0084bbe5-cbd2-4007-b519-7ae6b84da92f": {
                            "type": "manual_number",
                            "parameters": {}
                        }
                    },
                    "target": "100",
                    "near_target": "80"
                },
                "e5e18e78-6226-42ea-9767-0ac478ad0ab6": {
                    "type": "compliance",
                    "name": "M05: Het project hanteert een iteratief en incrementeel ontwikkelproces",
                    "secondary_name": "3. Definition of Ready en Definition of Done",
                    "sources": {
                        "feb5db5c-05b3-46a0-91c4-79e94201c94f": {
                            "type": "manual_number",
                            "parameters": {}
                        }
                    },
                    "target": "100",
                    "near_target": "80"
                },
                "1ff7e124-533f-438e-82d5-20095e4cf683": {
                    "type": "compliance",
                    "name": "M05: Het project hanteert een iteratief en incrementeel ontwikkelproces",
                    "secondary_name": "4. Product backlog en sprint backlog",
                    "sources": {
                        "bc01b488-ec9d-4b38-b6bd-9aae1233c360": {
                            "type": "manual_number",
                            "parameters": {}
                        }
                    },
                    "target": "100",
                    "near_target": "80"
                },
                "e1fad5d9-b399-4c2a-8feb-32a78030e780": {
                    "type": "compliance",
                    "name": "M35: Het project hanteert een agile architectuuraanpak",
                    "secondary_name": "",
                    "sources": {
                        "36dae080-513c-4093-9f16-f050aac4ad3b": {
                            "type": "manual_number",
                            "parameters": {}
                        }
                    },
                    "target": "100",
                    "near_target": "80"
                },
                "f0f994bf-c75a-4cb8-b19b-91dd6b59557d": {
                    "type": "compliance",
                    "name": "M10: Het project kent een wekelijks projectoverleg",
                    "secondary_name": "",
                    "sources": {
                        "ae11b6ad-8c77-40da-aabc-886dafd8e237": {
                            "type": "manual_number",
                            "parameters": {}
                        }
                    },
                    "target": "100",
                    "near_target": "80"
                },
                "f1677b31-2c4f-425f-9a20-1470bcb1f9e7": {
                    "type": "compliance",
                    "name": "M28: Het project voert periodiek een self-assessment uit tegen de actuele versie van de Kwaliteitsaanpak",
                    "secondary_name": "",
                    "sources": {
                        "e2692727-ffb3-4052-a8ef-2900d449dc62": {
                            "type": "manual_number",
                            "parameters": {}
                        }
                    },
                    "target": "100",
                    "near_target": "80"
                },
                "6abc21a6-3487-4cb3-bb82-e765a2cb089a": {
                    "type": "compliance",
                    "name": "M30: Het project identificeert, mitigeert en bewaakt risico's",
                    "secondary_name": "",
                    "sources": {
                        "1172829c-4cab-4e7c-b045-5be07d47a600": {
                            "type": "manual_number",
                            "parameters": {}
                        }
                    },
                    "target": "100",
                    "near_target": "80"
                },
                "a3564812-e5f4-43df-937f-65b5bf67d218": {
                    "type": "compliance",
                    "name": "M34: Het project draagt software beheerst over",
                    "secondary_name": "1. De documentatie beschrijft de ontwikkel- en testomgeving die is toegepast",
                    "sources": {
                        "3a473477-1e7f-4a62-8203-f2ea64ff8ab7": {
                            "type": "manual_number",
                            "parameters": {}
                        }
                    },
                    "target": "100",
                    "near_target": "80"
                },
                "32440cc9-84e1-443e-9bba-31091eb83ce8": {
                    "type": "compliance",
                    "name": "M34: Het project draagt software beheerst over",
                    "secondary_name": "2. De functionele documentatie beschrijft gegevensmodellen, functionele indeling, koppelingen, berichtdefinities en workflows/processen",
                    "sources": {
                        "a98cbdbe-9bf3-428d-9344-8642af6901a2": {
                            "type": "manual_number",
                            "parameters": {}
                        }
                    },
                    "target": "100",
                    "near_target": "80"
                },
                "40f124eb-3f44-4df1-9f1d-c179e5f22f6f": {
                    "type": "compliance",
                    "name": "M34: Het project draagt software beheerst over",
                    "secondary_name": "3. Als operationeel beheer onderdeel was van de dienstverlening: de operationele bedieningsinstructies beschrijven minimaal back-up/recovery, procedures bij calamiteiten, regelmatig terugkerende beheeractiviteiten en opstart- en afsluitprocedures",
                    "sources": {
                        "2b27e1e3-eae5-48ba-b40b-6dcdffb317a4": {
                            "type": "manual_number",
                            "parameters": {}
                        }
                    },
                    "target": "100",
                    "near_target": "80"
                },
                "1f620a13-3e5a-44a4-a10e-804ccaeaeb12": {
                    "type": "compliance",
                    "name": "M34: Het project draagt software beheerst over",
                    "secondary_name": "4. De product backlog bevat de bekende bugs en wensen",
                    "sources": {
                        "1abef6d0-96d8-41f3-ae50-1e75b1b348e3": {
                            "type": "manual_number",
                            "parameters": {}
                        }
                    },
                    "target": "100",
                    "near_target": "80"
                },
                "a5ac3f37-fa61-47d8-822b-01588fc8ed71": {
                    "type": "compliance",
                    "name": "M34: Het project draagt software beheerst over",
                    "secondary_name": "5. De broncode kent een gezonde balans tussen isolatie, cohesie en koppeling",
                    "sources": {
                        "926ba6c5-3af6-4260-9aa5-f272b65324b1": {
                            "type": "manual_number",
                            "parameters": {}
                        }
                    },
                    "target": "100",
                    "near_target": "80"
                },
                "d74762f3-88b7-442a-acb8-672ec6f913ba": {
                    "type": "compliance",
                    "name": "M34: Het project draagt software beheerst over",
                    "secondary_name": "6. De broncode heeft een beperkte mate van duplicatie",
                    "sources": {
                        "2386a1e4-a10e-40de-a41c-31a491333584": {
                            "type": "manual_number",
                            "parameters": {}
                        }
                    },
                    "target": "100",
                    "near_target": "80"
                },
                "4adf88b3-e6b8-4189-81ff-b6d90e571f54": {
                    "type": "compliance",
                    "name": "M34: Het project draagt software beheerst over",
                    "secondary_name": "7. De broncode heeft een beperkte mate van complexiteit",
                    "sources": {
                        "710a005c-3628-4b47-995f-fa206f3147ca": {
                            "type": "manual_number",
                            "parameters": {}
                        }
                    },
                    "target": "100",
                    "near_target": "80"
                },
                "b28c395f-9aa3-43ba-9a90-13c97f86af9c": {
                    "type": "compliance",
                    "name": "M34: Het project draagt software beheerst over",
                    "secondary_name": "8. De broncode bevat geen of een beperkt aantal niet-afgeronde werkzaamheden (\"todo's\")",
                    "sources": {
                        "87155eb2-9137-4afa-a617-4180511985e8": {
                            "type": "manual_number",
                            "parameters": {}
                        }
                    },
                    "target": "100",
                    "near_target": "80"
                },
                "5c3001dc-b5f0-43ac-b34a-aad64f927638": {
                    "type": "compliance",
                    "name": "M34: Het project draagt software beheerst over",
                    "secondary_name": "9. De tests raken een voldoende groot deel van de broncode",
                    "sources": {
                        "745905d3-dba3-417d-8948-5882ccd36fe5": {
                            "type": "manual_number",
                            "parameters": {}
                        }
                    },
                    "target": "100",
                    "near_target": "80"
                },
                "c6f6ae48-3897-4d8c-90ff-065f053cc429": {
                    "type": "compliance",
                    "name": "M34: Het project draagt software beheerst over",
                    "secondary_name": "10. De tests raken een voldoende groot deel van de functionaliteit (functionele dekking)",
                    "sources": {
                        "65ac14a0-890a-4d5d-8594-8e46d896980f": {
                            "type": "manual_number",
                            "parameters": {}
                        }
                    },
                    "target": "100",
                    "near_target": "80"
                },
                "f7240542-06c0-4df1-b9e5-6b514abbd6bd": {
                    "type": "compliance",
                    "name": "M34: Het project draagt software beheerst over",
                    "secondary_name": "11. De onderkende productrisico's zijn gedekt",
                    "sources": {
                        "e0a52e8e-f8eb-409b-8026-64aa0dd91e6d": {
                            "type": "manual_number",
                            "parameters": {}
                        }
                    },
                    "target": "100",
                    "near_target": "80"
                },
                "941a701f-6363-4d30-a2a2-e75120dbb7c0": {
                    "type": "compliance",
                    "name": "M34: Het project draagt software beheerst over",
                    "secondary_name": "12. Er is een regressietest beschikbaar",
                    "sources": {
                        "fc802ca0-4828-420e-82dc-219bca33bd35": {
                            "type": "manual_number",
                            "parameters": {}
                        }
                    },
                    "target": "100",
                    "near_target": "80"
                },
                "ecf21d52-3563-4385-a83f-0ad8970f0840": {
                    "type": "compliance",
                    "name": "M34: Het project draagt software beheerst over",
                    "secondary_name": "13. Er is traceerbaarheid van eisen naar testgevallen",
                    "sources": {
                        "0fdd7fae-afef-44fe-886e-1a0b0babebb7": {
                            "type": "manual_number",
                            "parameters": {}
                        }
                    },
                    "target": "100",
                    "near_target": "80"
                },
                "0a28f7dc-4956-4976-94ea-f81e79176ffb": {
                    "type": "compliance",
                    "name": "M34: Het project draagt software beheerst over",
                    "secondary_name": "14. De testset is goed opgebouwd",
                    "sources": {
                        "98c97503-8a33-4752-a88a-f9d68120bf4e": {
                            "type": "manual_number",
                            "parameters": {}
                        }
                    },
                    "target": "100",
                    "near_target": "80"
                },
                "e20d029d-d4b8-412e-985e-ddcfd431e112": {
                    "type": "compliance",
                    "name": "M27: Het project sluit projectfasen en zichzelf expliciet af",
                    "secondary_name": "",
                    "sources": {
                        "c0dda700-7b15-4a59-9727-a275d984b28c": {
                            "type": "manual_number",
                            "parameters": {}
                        }
                    },
                    "target": "100",
                    "near_target": "80"
                }
            }
        },
        "eb479dc3-cc1c-4fe2-a245-de62e598bc15": {
            "type": "software",
            "name": "Organisatie",
            "metrics": {
                "d084f89f-9ad9-4331-ba80-bd7265378658": {
                    "type": "compliance",
                    "name": "M29: ICTU organiseert voor aanvang van een project de interne dienstverlening",
                    "secondary_name": "",
                    "sources": {
                        "fc0667bd-f087-492e-bd6a-d1dbd443ca5c": {
                            "type": "manual_number",
                            "parameters": {}
                        }
                    },
                    "target": "100",
                    "near_target": "80"
                },
                "af5b05ea-9779-4620-91e0-6b402c02d8e2": {
                    "type": "compliance",
                    "name": "M19: ICTU biedt projecten een afgeschermde digitale omgeving",
                    "secondary_name": "",
                    "sources": {
                        "edcd255f-28ea-4ed0-bf68-4a4e13b7c28c": {
                            "type": "manual_number",
                            "parameters": {}
                        }
                    },
                    "target": "100",
                    "near_target": "80"
                },
                "a2936c71-f1dc-42c3-814a-38dfc15f765b": {
                    "type": "compliance",
                    "name": "M18: ICTU biedt ondersteuning voor verplicht gestelde tools",
                    "secondary_name": "",
                    "sources": {
                        "250e0129-c5e4-4a43-abc3-1c0645eaa34d": {
                            "type": "manual_number",
                            "parameters": {}
                        }
                    },
                    "target": "100",
                    "near_target": "80"
                },
                "2bd1d9f7-506f-410d-90bb-e2cb1cb01478": {
                    "type": "compliance",
                    "name": "M11: ICTU beheert, onderhoudt en implementeert de Kwaliteitsaanpak en kwaliteitsnormen",
                    "secondary_name": "",
                    "sources": {
                        "fc809b9a-8dd7-4418-b721-ada0dc9c57b5": {
                            "type": "manual_number",
                            "parameters": {}
                        }
                    },
                    "target": "100",
                    "near_target": "80"
                },
                "f6687f5f-6c6e-4f80-a38b-fab76faf79e8": {
                    "type": "compliance",
                    "name": "M12: ICTU publiceert nieuwe versies van de Kwaliteitsaanpak en normen periodiek en op een vaste locatie",
                    "secondary_name": "",
                    "sources": {
                        "29840c26-b8f9-4ded-99d6-ee02717d4b1a": {
                            "type": "manual_number",
                            "parameters": {}
                        }
                    },
                    "target": "100",
                    "near_target": "80"
                },
                "9b02ef5f-adbd-4258-8afd-366ce1fa00c6": {
                    "type": "compliance",
                    "name": "M33: ICTU organiseert periodiek een gezamenlijke self-assessment ten aanzien van de Kwaliteitsaanpak",
                    "secondary_name": "",
                    "sources": {
                        "369b3c97-a38c-4b76-8546-06178b662d6b": {
                            "type": "manual_number",
                            "parameters": {}
                        }
                    },
                    "target": "100",
                    "near_target": "80"
                }
            }
        }
    },
    "title": "ICTU Kwaliteitsaanpak Softwareontwikkeling versie wip",
    "subtitle": "Checklist",
    "report_uuid": "ictu_ka_checklist_wip"
}