{
    "subjects": {
        "0cc8e00c-587c-4bf1-ab1b-2cd4dfdbd950": {
            "type": "software",
            "name": "Producten",
            "metrics": {
                "8c203f78-e09a-4145-a0a7-a33f4b60733b": {
                    "type": "compliance",
                    "name": "M01: Het project ontvangt en levert in elke fase vastgestelde producten en informatie",
                    "secondary_name": "1. Business impact analyse",
                    "sources": {
                        "c5e2a410-c998-4839-a6f4-82af6fe9585f": {
                            "type": "manual_number",
                            "parameters": {}
                        }
                    },
                    "target": "100",
                    "near_target": "80"
                },
                "f828b6ff-2179-4aec-80be-329e50d82e51": {
                    "type": "compliance",
                    "name": "M01: Het project ontvangt en levert in elke fase vastgestelde producten en informatie",
                    "secondary_name": "2. Data protection impact assessment",
                    "sources": {
                        "01b441b3-fd4c-4493-a806-85d9d4574fb6": {
                            "type": "manual_number",
                            "parameters": {}
                        }
                    },
                    "target": "100",
                    "near_target": "80"
                },
                "c54bfab0-735f-4c17-927f-e492119bdf0a": {
                    "type": "compliance",
                    "name": "M01: Het project ontvangt en levert in elke fase vastgestelde producten en informatie",
                    "secondary_name": "3. Impact assessment mensenrechten en algoritmes",
                    "sources": {
                        "1630aa16-fffd-4288-a26e-efecf4f47e75": {
                            "type": "manual_number",
                            "parameters": {}
                        }
                    },
                    "target": "100",
                    "near_target": "80"
                },
                "b521fe3c-491e-41b2-8e21-298cd67a4c38": {
                    "type": "compliance",
                    "name": "M01: Het project ontvangt en levert in elke fase vastgestelde producten en informatie",
                    "secondary_name": "4. Projectstartarchitectuur en solution architectuur ",
                    "sources": {
                        "46e9d5b0-ed9c-49fd-af40-f0fd5133b735": {
                            "type": "manual_number",
                            "parameters": {}
                        }
                    },
                    "target": "100",
                    "near_target": "80"
                },
                "6288d6d5-9a49-4693-a0e6-ba0b50bd050f": {
                    "type": "compliance",
                    "name": "M01: Het project ontvangt en levert in elke fase vastgestelde producten en informatie",
                    "secondary_name": "5. Afspraken met de beheerorganisatie ",
                    "sources": {
                        "ce710279-1d42-4b89-98d1-bd2fd2515508": {
                            "type": "manual_number",
                            "parameters": {}
                        }
                    },
                    "target": "100",
                    "near_target": "80"
                },
                "bd5c1090-4d45-4b00-b8a5-f1f41ece6448": {
                    "type": "compliance",
                    "name": "M01: Het project ontvangt en levert in elke fase vastgestelde producten en informatie",
                    "secondary_name": "6. Plan van aanpak: voorfase ",
                    "sources": {
                        "cb76631b-6ad9-48a3-a807-79fc8d90fc7f": {
                            "type": "manual_number",
                            "parameters": {}
                        }
                    },
                    "target": "100",
                    "near_target": "80"
                },
                "3a2bcbf9-d0d9-49bf-b077-4681db82415d": {
                    "type": "compliance",
                    "name": "M01: Het project ontvangt en levert in elke fase vastgestelde producten en informatie",
                    "secondary_name": "7. Beschrijving van functionele eisen ",
                    "sources": {
                        "95182361-4523-44fb-a8d9-86a804868891": {
                            "type": "manual_number",
                            "parameters": {}
                        }
                    },
                    "target": "100",
                    "near_target": "80"
                },
                "9be53475-03f3-4c27-af4d-3d37fc8e73fc": {
                    "type": "compliance",
                    "name": "M01: Het project ontvangt en levert in elke fase vastgestelde producten en informatie",
                    "secondary_name": "8. Beschrijving van niet-functionele eisen ",
                    "sources": {
                        "03d3da81-377e-4b63-aeda-02e148c04baf": {
                            "type": "manual_number",
                            "parameters": {}
                        }
                    },
                    "target": "100",
                    "near_target": "80"
                },
                "8129456c-8679-4bf9-b7f0-16c90411b443": {
                    "type": "compliance",
                    "name": "M01: Het project ontvangt en levert in elke fase vastgestelde producten en informatie",
                    "secondary_name": "9. Product backlog",
                    "sources": {
                        "ae74ceec-af80-48b2-a801-f8b1cb037a1e": {
                            "type": "manual_number",
                            "parameters": {}
                        }
                    },
                    "target": "100",
                    "near_target": "80"
                },
                "7abb8314-bee2-4ab2-b414-c5617702f06f": {
                    "type": "compliance",
                    "name": "M01: Het project ontvangt en levert in elke fase vastgestelde producten en informatie",
                    "secondary_name": "10. Ontwerp- en architectuurdocumentatie",
                    "sources": {
                        "3e9c2640-1cfb-4269-b08a-db4352da550a": {
                            "type": "manual_number",
                            "parameters": {}
                        }
                    },
                    "target": "100",
                    "near_target": "80"
                },
                "30000c8b-d43c-470f-9f91-9e2fc5b64f18": {
                    "type": "compliance",
                    "name": "M01: Het project ontvangt en levert in elke fase vastgestelde producten en informatie",
                    "secondary_name": "11. Mastertestplan",
                    "sources": {
                        "fbbf917f-2ecb-4ed5-aa43-b911fed718c1": {
                            "type": "manual_number",
                            "parameters": {}
                        }
                    },
                    "target": "100",
                    "near_target": "80"
                },
                "1d4696b0-672f-4390-890c-f7fe6f230a98": {
                    "type": "compliance",
                    "name": "M01: Het project ontvangt en levert in elke fase vastgestelde producten en informatie",
                    "secondary_name": "12. Detailtestplannen",
                    "sources": {
                        "3c9e98d9-459b-4ada-a24d-cd3bbbb20954": {
                            "type": "manual_number",
                            "parameters": {}
                        }
                    },
                    "target": "100",
                    "near_target": "80"
                },
                "72849682-32a2-463f-9925-afdeadf1426c": {
                    "type": "compliance",
                    "name": "M01: Het project ontvangt en levert in elke fase vastgestelde producten en informatie",
                    "secondary_name": "13. Informatiebeveiligingsplan",
                    "sources": {
                        "5e66072c-9dd1-4482-8c7b-3540909157cc": {
                            "type": "manual_number",
                            "parameters": {}
                        }
                    },
                    "target": "100",
                    "near_target": "80"
                },
                "e692d491-c4d5-4b84-adb3-fd6b53ff48eb": {
                    "type": "compliance",
                    "name": "M01: Het project ontvangt en levert in elke fase vastgestelde producten en informatie",
                    "secondary_name": "14. Kwaliteitsplan",
                    "sources": {
                        "b50687f9-20f1-4516-8446-358483e3ce30": {
                            "type": "manual_number",
                            "parameters": {}
                        }
                    },
                    "target": "100",
                    "near_target": "80"
                },
                "5e4051ca-7aed-4a92-ad1a-2635a88a27fe": {
                    "type": "compliance",
                    "name": "M01: Het project ontvangt en levert in elke fase vastgestelde producten en informatie",
                    "secondary_name": "15. Plan van aanpak: realisatiefase",
                    "sources": {
                        "62cd553b-9806-4fcd-b8ed-be5bebb1e766": {
                            "type": "manual_number",
                            "parameters": {}
                        }
                    },
                    "target": "100",
                    "near_target": "80"
                },
                "aa912a3d-9477-408f-8193-53efd115372d": {
                    "type": "compliance",
                    "name": "M01: Het project ontvangt en levert in elke fase vastgestelde producten en informatie",
                    "secondary_name": "16. Deploybare versie van de software",
                    "sources": {
                        "dba97052-431c-45eb-bccc-94c693554876": {
                            "type": "manual_number",
                            "parameters": {}
                        }
                    },
                    "target": "100",
                    "near_target": "80"
                },
                "bfec175c-8970-4bd5-b82b-d4b0ebb27e07": {
                    "type": "compliance",
                    "name": "M01: Het project ontvangt en levert in elke fase vastgestelde producten en informatie",
                    "secondary_name": "17. Testrapportages",
                    "sources": {
                        "5eb573f7-3374-4c12-9b76-43b746dc323c": {
                            "type": "manual_number",
                            "parameters": {}
                        }
                    },
                    "target": "100",
                    "near_target": "80"
                },
                "816b5131-f2ba-4ebb-8fb6-39a547b35255": {
                    "type": "compliance",
                    "name": "M01: Het project ontvangt en levert in elke fase vastgestelde producten en informatie",
                    "secondary_name": "18. Documentatie voor deployment en operationeel beheer",
                    "sources": {
                        "b3c341d2-d5f1-4e36-b74e-537003dc52d9": {
                            "type": "manual_number",
                            "parameters": {}
                        }
                    },
                    "target": "100",
                    "near_target": "80"
                },
                "60434721-7b87-427d-a962-7472a9993eeb": {
                    "type": "compliance",
                    "name": "M01: Het project ontvangt en levert in elke fase vastgestelde producten en informatie",
                    "secondary_name": "19. Software bill of materials",
                    "sources": {
                        "439c2be8-0c30-489a-ae60-e31c6a69f8af": {
                            "type": "manual_number",
                            "parameters": {}
                        }
                    },
                    "target": "100",
                    "near_target": "80"
                },
                "9b82351d-d315-4a89-b3f2-ddc25bee7573": {
                    "type": "compliance",
                    "name": "M01: Het project ontvangt en levert in elke fase vastgestelde producten en informatie",
                    "secondary_name": "20. Release notes",
                    "sources": {
                        "9a52d395-0379-4d18-93e8-2a36287191b1": {
                            "type": "manual_number",
                            "parameters": {}
                        }
                    },
                    "target": "100",
                    "near_target": "80"
                },
                "d750f0d0-ba36-4b83-95a2-066a903ef159": {
                    "type": "compliance",
                    "name": "M01: Het project ontvangt en levert in elke fase vastgestelde producten en informatie",
                    "secondary_name": "21. Vrijgaveadvies",
                    "sources": {
                        "06699c1c-689d-4253-8c1e-035c018af03a": {
                            "type": "manual_number",
                            "parameters": {}
                        }
                    },
                    "target": "100",
                    "near_target": "80"
                },
                "7edb4b88-d30b-4a94-bdec-b37de99c949d": {
                    "type": "compliance",
                    "name": "M32: Het project onderzoekt de kwaliteit van over te nemen software",
                    "secondary_name": "1. Een rapportage met tenminste de bevindingen, risico's voor opdrachtgevende organisatie en ICTU, en mitigerende maatregelen",
                    "sources": {
                        "62fbe5f7-12de-45c0-9bdc-ff671b694ff9": {
                            "type": "manual_number",
                            "parameters": {}
                        }
                    },
                    "target": "100",
                    "near_target": "80"
                },
                "ddcfefc9-4b33-45f3-bc28-4ae323df6965": {
                    "type": "compliance",
                    "name": "M32: Het project onderzoekt de kwaliteit van over te nemen software",
                    "secondary_name": "2. Een transitieplan dat de activiteiten beschrijft die nodig zijn om de software af te bouwen of te herbouwen en te onderhouden",
                    "sources": {
                        "028452a3-5320-497e-80fb-e25fbfc35181": {
                            "type": "manual_number",
                            "parameters": {}
                        }
                    },
                    "target": "100",
                    "near_target": "80"
                },
                "bb8e6e27-b06f-4945-8bb7-312b17883501": {
                    "type": "compliance",
                    "name": "M32: Het project onderzoekt de kwaliteit van over te nemen software",
                    "secondary_name": "3. Als er significante technische schuld aanwezig is in de bestaande software: een plan voor het aflossen van deze schuld",
                    "sources": {
                        "15b2ca7b-161d-42f6-ba49-1d9a6dd3cf2b": {
                            "type": "manual_number",
                            "parameters": {}
                        }
                    },
                    "target": "100",
                    "near_target": "80"
                },
                "fe18f720-28b4-4532-8bcc-99ce0b29c565": {
                    "type": "compliance",
                    "name": "M02: Het project bewaakt continu dat het product aan de kwaliteitsnormen voldoet",
                    "secondary_name": "1. Tijdens de voorfase: het project reviewt de deliverables periodiek",
                    "sources": {
                        "e0accc8a-fdc8-435d-83e5-293bf6df1d84": {
                            "type": "manual_number",
                            "parameters": {}
                        }
                    },
                    "target": "100",
                    "near_target": "80"
                },
                "955717ec-b6ed-443c-9330-5eacf326fcc3": {
                    "type": "compliance",
                    "name": "M02: Het project bewaakt continu dat het product aan de kwaliteitsnormen voldoet",
                    "secondary_name": "2. Tijdens de realisatiefase: het project bewaakt op dagelijkse basis en geautomatiseerd de kwaliteit van de software",
                    "sources": {
                        "5a9dd46f-c392-46c4-ac5f-dc03fa8952e8": {
                            "type": "manual_number",
                            "parameters": {}
                        }
                    },
                    "target": "100",
                    "near_target": "80"
                },
                "4f4c0b1a-30d8-4eab-92c6-8c61c87e0c1c": {
                    "type": "compliance",
                    "name": "M02: Het project bewaakt continu dat het product aan de kwaliteitsnormen voldoet",
                    "secondary_name": "3. Als operationeel beheer onderdeel is van de dienstverlening tijdens de realisatiefase: het project bewaakt op dagelijkse basis en geautomatiseerd het gedrag van de software in gebruik en beheer",
                    "sources": {
                        "c31dec18-b54a-46e1-ab6a-c3d6921b93bd": {
                            "type": "manual_number",
                            "parameters": {}
                        }
                    },
                    "target": "100",
                    "near_target": "80"
                },
                "7b549045-89ce-45ee-8d09-a62022767c5a": {
                    "type": "compliance",
                    "name": "M02: Het project bewaakt continu dat het product aan de kwaliteitsnormen voldoet",
                    "secondary_name": "4. Tijdens de realisatiefase: het project evalueert periodiek en handmatig de kwaliteitseigenschappen van de software die niet geautomatiseerd kunnen worden gemeten",
                    "sources": {
                        "5cd44766-4676-48dd-a6e1-889d78f3021a": {
                            "type": "manual_number",
                            "parameters": {}
                        }
                    },
                    "target": "100",
                    "near_target": "80"
                },
                "c931e4ea-b6d7-4d95-aaf8-48dac8b9062c": {
                    "type": "compliance",
                    "name": "M02: Het project bewaakt continu dat het product aan de kwaliteitsnormen voldoet",
                    "secondary_name": "5. Tijdens de realisatiefase: het project actualiseert en reviewt periodiek de documentatie",
                    "sources": {
                        "44135bc0-4c62-4867-90bc-6fa2cd0d2622": {
                            "type": "manual_number",
                            "parameters": {}
                        }
                    },
                    "target": "100",
                    "near_target": "80"
                },
                "8126525c-60b3-422b-b0b5-af3717accc5d": {
                    "type": "compliance",
                    "name": "M02: Het project bewaakt continu dat het product aan de kwaliteitsnormen voldoet",
                    "secondary_name": "6. Indien nodig: de kwaliteitsmanager escaleert het langdurig niet halen van de kwaliteitsnormen",
                    "sources": {
                        "1aaeec3f-eed3-474a-bf38-b375090b46d0": {
                            "type": "manual_number",
                            "parameters": {}
                        }
                    },
                    "target": "100",
                    "near_target": "80"
                },
                "80d531c8-d334-47be-9f23-cbaa35bda29f": {
                    "type": "compliance",
                    "name": "M03: Het project zorgt dat het product traceerbaar aan eisen voldoet",
                    "secondary_name": "",
                    "sources": {
                        "42fcacf3-6d5e-42ee-9c8a-d01043bce6ec": {
                            "type": "manual_number",
                            "parameters": {}
                        }
                    },
                    "target": "100",
                    "near_target": "80"
                },
                "21d897e7-a0e8-46fa-80ec-9ab7badfb5ea": {
                    "type": "compliance",
                    "name": "M04: Het project borgt de correcte werking van het product met geautomatiseerde regressietests",
                    "secondary_name": "",
                    "sources": {
                        "11c4d6cc-1f76-4121-9005-1b5f6808afe5": {
                            "type": "manual_number",
                            "parameters": {}
                        }
                    },
                    "target": "100",
                    "near_target": "80"
                },
                "c4ba46c5-667b-4fbd-986d-b81885fae5f3": {
                    "type": "compliance",
                    "name": "M07: Het project gebruikt een continuous delivery pipeline om het product te bouwen, testen en op te leveren",
                    "secondary_name": "1. Bouw van de software",
                    "sources": {
                        "a35b2a89-d52c-4cfe-98f7-74cc637f6107": {
                            "type": "manual_number",
                            "parameters": {}
                        }
                    },
                    "target": "100",
                    "near_target": "80"
                },
                "37d9b755-d0c2-4ac3-9481-fbad2ba73f64": {
                    "type": "compliance",
                    "name": "M07: Het project gebruikt een continuous delivery pipeline om het product te bouwen, testen en op te leveren",
                    "secondary_name": "2. Unit tests",
                    "sources": {
                        "c774c721-4e31-49e3-9bae-8be9ea870bd1": {
                            "type": "manual_number",
                            "parameters": {}
                        }
                    },
                    "target": "100",
                    "near_target": "80"
                },
                "bb6ffa4c-af05-41a8-a31f-13de8b99b072": {
                    "type": "compliance",
                    "name": "M07: Het project gebruikt een continuous delivery pipeline om het product te bouwen, testen en op te leveren",
                    "secondary_name": "3. Regressietests",
                    "sources": {
                        "30f381eb-3998-4c37-90a2-908e7a5552dd": {
                            "type": "manual_number",
                            "parameters": {}
                        }
                    },
                    "target": "100",
                    "near_target": "80"
                },
                "7a6ed6a2-9db8-4b63-b054-bf648d28a137": {
                    "type": "compliance",
                    "name": "M07: Het project gebruikt een continuous delivery pipeline om het product te bouwen, testen en op te leveren",
                    "secondary_name": "4. Beveiligingstests",
                    "sources": {
                        "2b6c2b30-594b-40fd-b9cb-dfa89e28c7ac": {
                            "type": "manual_number",
                            "parameters": {}
                        }
                    },
                    "target": "100",
                    "near_target": "80"
                },
                "56e88d2f-3ece-4ebc-bcb7-ab429ad4d70e": {
                    "type": "compliance",
                    "name": "M07: Het project gebruikt een continuous delivery pipeline om het product te bouwen, testen en op te leveren",
                    "secondary_name": "5. Performancetests",
                    "sources": {
                        "1284d98f-d2aa-418c-af29-d27880fa2183": {
                            "type": "manual_number",
                            "parameters": {}
                        }
                    },
                    "target": "100",
                    "near_target": "80"
                },
                "88c409ba-df4a-4229-a341-fa2875c236c6": {
                    "type": "compliance",
                    "name": "M07: Het project gebruikt een continuous delivery pipeline om het product te bouwen, testen en op te leveren",
                    "secondary_name": "6. Toegankelijkheidstests",
                    "sources": {
                        "8dc5e9d2-972c-4f1e-9d19-ab4860f04ae8": {
                            "type": "manual_number",
                            "parameters": {}
                        }
                    },
                    "target": "100",
                    "near_target": "80"
                },
                "f2f9cc21-1e87-4d6c-a257-30cfbb817e74": {
                    "type": "compliance",
                    "name": "M07: Het project gebruikt een continuous delivery pipeline om het product te bouwen, testen en op te leveren",
                    "secondary_name": "7. Broncodekwaliteitscontroles",
                    "sources": {
                        "cd85a91f-d19e-4b4e-aec6-56a9884b1c2f": {
                            "type": "manual_number",
                            "parameters": {}
                        }
                    },
                    "target": "100",
                    "near_target": "80"
                },
                "f256ef23-ae87-42bf-a647-3dcea58e82cc": {
                    "type": "compliance",
                    "name": "M07: Het project gebruikt een continuous delivery pipeline om het product te bouwen, testen en op te leveren",
                    "secondary_name": "8. Installatie van de software in test, acceptatie en/of productieomgevingen",
                    "sources": {
                        "a1c984bc-4c55-4a25-94e8-6b4bf0e587b0": {
                            "type": "manual_number",
                            "parameters": {}
                        }
                    },
                    "target": "100",
                    "near_target": "80"
                },
                "b2e9ed3d-3b5f-4c67-8fb4-f49f9f309119": {
                    "type": "compliance",
                    "name": "M07: Het project gebruikt een continuous delivery pipeline om het product te bouwen, testen en op te leveren",
                    "secondary_name": "9. Oplevering van het totale product, dus inclusief alle deliverables, in de vorm zoals bruikbaar voor en afgesproken met de opdrachtgevende organisatie",
                    "sources": {
                        "a469ed7f-bc32-4070-b077-58eb21d7740d": {
                            "type": "manual_number",
                            "parameters": {}
                        }
                    },
                    "target": "100",
                    "near_target": "80"
                },
                "9b6cff3f-53f0-460b-8af9-41e70e722b8d": {
                    "type": "compliance",
                    "name": "M16: Het project gebruikt tools voor vastgestelde taken",
                    "secondary_name": "1. Product en sprint backlog management en agile werken",
                    "sources": {
                        "a8b77b94-b389-47dc-9ffc-8f710782f41f": {
                            "type": "manual_number",
                            "parameters": {}
                        }
                    },
                    "target": "100",
                    "near_target": "80"
                },
                "d2492fd7-ad6e-493f-b3d0-0b8cb65569d7": {
                    "type": "compliance",
                    "name": "M16: Het project gebruikt tools voor vastgestelde taken",
                    "secondary_name": "2. Inrichten en uitvoeren van een continuous delivery pipeline",
                    "sources": {
                        "c498280e-b133-4c84-915e-6061e93f7bb6": {
                            "type": "manual_number",
                            "parameters": {}
                        }
                    },
                    "target": "100",
                    "near_target": "80"
                },
                "c3ee5ded-9b2b-4e79-8273-caab1398b031": {
                    "type": "compliance",
                    "name": "M16: Het project gebruikt tools voor vastgestelde taken",
                    "secondary_name": "3. Monitoren van de kwaliteit van broncode",
                    "sources": {
                        "17c618ca-8dae-4d3b-ac4f-8cdd93ae684d": {
                            "type": "manual_number",
                            "parameters": {}
                        }
                    },
                    "target": "100",
                    "near_target": "80"
                },
                "2408e35d-7667-47e4-96fb-e52649e92ee2": {
                    "type": "compliance",
                    "name": "M16: Het project gebruikt tools voor vastgestelde taken",
                    "secondary_name": "4. Versiebeheer van op te leveren producten",
                    "sources": {
                        "61ccae6e-329a-428d-99ee-e80d8bb6d667": {
                            "type": "manual_number",
                            "parameters": {}
                        }
                    },
                    "target": "100",
                    "near_target": "80"
                },
                "b8f3f1ac-bea3-4290-a123-4b6231c3a3d4": {
                    "type": "compliance",
                    "name": "M16: Het project gebruikt tools voor vastgestelde taken",
                    "secondary_name": "5. Release van software",
                    "sources": {
                        "e0f505a2-6440-45bd-a5d9-ea738946eba5": {
                            "type": "manual_number",
                            "parameters": {}
                        }
                    },
                    "target": "100",
                    "near_target": "80"
                },
                "948c9e5b-9677-43f3-aa20-100f8051b78b": {
                    "type": "compliance",
                    "name": "M16: Het project gebruikt tools voor vastgestelde taken",
                    "secondary_name": "6. Maken van testrapportages",
                    "sources": {
                        "8e9e90e1-af5a-48ad-9f8d-b177105fbd9c": {
                            "type": "manual_number",
                            "parameters": {}
                        }
                    },
                    "target": "100",
                    "near_target": "80"
                },
                "dea9999f-e1d9-412f-8fa2-f9a0bd5667c6": {
                    "type": "compliance",
                    "name": "M16: Het project gebruikt tools voor vastgestelde taken",
                    "secondary_name": "7. Maken van kwaliteitsrapportages",
                    "sources": {
                        "53e9cca8-8330-43bf-b642-f6c3b0f69fef": {
                            "type": "manual_number",
                            "parameters": {}
                        }
                    },
                    "target": "100",
                    "near_target": "80"
                },
                "8d21129a-2f26-4601-8a4b-b7755d3997c8": {
                    "type": "compliance",
                    "name": "M16: Het project gebruikt tools voor vastgestelde taken",
                    "secondary_name": "8. Controleren op aanwezigheid van bekende kwetsbaarheden in externe software",
                    "sources": {
                        "90fdede9-12bf-49a2-8297-88a19484eb4b": {
                            "type": "manual_number",
                            "parameters": {}
                        }
                    },
                    "target": "100",
                    "near_target": "80"
                },
                "f8bd18c4-76ce-462d-9904-63af9d3c14de": {
                    "type": "compliance",
                    "name": "M16: Het project gebruikt tools voor vastgestelde taken",
                    "secondary_name": "9. Statische controle van de software op aanwezigheid van kwetsbare constructies",
                    "sources": {
                        "621d7af7-c548-46ba-86b2-2973772db83d": {
                            "type": "manual_number",
                            "parameters": {}
                        }
                    },
                    "target": "100",
                    "near_target": "80"
                },
                "cf1db9ad-8f00-4123-8c45-000fb428b5ce": {
                    "type": "compliance",
                    "name": "M16: Het project gebruikt tools voor vastgestelde taken",
                    "secondary_name": "10. Dynamische controle van de software op aanwezigheid van kwetsbare constructies",
                    "sources": {
                        "dbde58cb-3e38-4c40-9d30-faf173fbb3f8": {
                            "type": "manual_number",
                            "parameters": {}
                        }
                    },
                    "target": "100",
                    "near_target": "80"
                },
                "f576619f-aa1e-48e1-8fd4-0eb0c095d99e": {
                    "type": "compliance",
                    "name": "M16: Het project gebruikt tools voor vastgestelde taken",
                    "secondary_name": "11. Controleren van container images op aanwezigheid van bekende kwetsbaarheden",
                    "sources": {
                        "4e71d198-422e-40bb-9bcc-ee531b408c18": {
                            "type": "manual_number",
                            "parameters": {}
                        }
                    },
                    "target": "100",
                    "near_target": "80"
                },
                "75d11e8f-6ba8-4c81-a53d-b72224aec465": {
                    "type": "compliance",
                    "name": "M16: Het project gebruikt tools voor vastgestelde taken",
                    "secondary_name": "12. Testen van performance en schaalbaarheid",
                    "sources": {
                        "dc961e4d-d73d-421e-ba13-ef9dcf9d2f25": {
                            "type": "manual_number",
                            "parameters": {}
                        }
                    },
                    "target": "100",
                    "near_target": "80"
                },
                "83ffc1af-4f13-4150-900b-1606c79d8b77": {
                    "type": "compliance",
                    "name": "M16: Het project gebruikt tools voor vastgestelde taken",
                    "secondary_name": "13. Testen op toegankelijkheid van de applicatie",
                    "sources": {
                        "d1a9bd23-749d-4b8c-9b85-2ba72fd6bf50": {
                            "type": "manual_number",
                            "parameters": {}
                        }
                    },
                    "target": "100",
                    "near_target": "80"
                },
                "29225379-02ef-4305-89a9-f2ce65d71487": {
                    "type": "compliance",
                    "name": "M16: Het project gebruikt tools voor vastgestelde taken",
                    "secondary_name": "14. Produceren van een \"software bill of materials\" (SBoM)",
                    "sources": {
                        "591598e0-0685-43f8-a10e-87b476ef251d": {
                            "type": "manual_number",
                            "parameters": {}
                        }
                    },
                    "target": "100",
                    "near_target": "80"
                },
                "bc5a4774-f4f7-4db2-90b0-f615035a5b94": {
                    "type": "compliance",
                    "name": "M16: Het project gebruikt tools voor vastgestelde taken",
                    "secondary_name": "15. Opslaan van artifacten",
                    "sources": {
                        "929e57e0-5e3c-4135-84e1-291fa9deeb4e": {
                            "type": "manual_number",
                            "parameters": {}
                        }
                    },
                    "target": "100",
                    "near_target": "80"
                },
                "e19c2a2b-a085-4c34-85af-96eaa5bd5144": {
                    "type": "compliance",
                    "name": "M16: Het project gebruikt tools voor vastgestelde taken",
                    "secondary_name": "16. Registratie van incidenten bij gebruik en beheer",
                    "sources": {
                        "be7c5780-39a5-4b48-8461-edb0bc9a3690": {
                            "type": "manual_number",
                            "parameters": {}
                        }
                    },
                    "target": "100",
                    "near_target": "80"
                },
                "6783d53b-e0d5-4630-b96d-f40a3a09d7f3": {
                    "type": "compliance",
                    "name": "M16: Het project gebruikt tools voor vastgestelde taken",
                    "secondary_name": "17. Bij het uitvoeren van operationeel beheer; uitrollen van de software in de productieomgeving",
                    "sources": {
                        "c35ed96e-e0c1-4715-ba1e-002cfad8160f": {
                            "type": "manual_number",
                            "parameters": {}
                        }
                    },
                    "target": "100",
                    "near_target": "80"
                },
                "05f02ebe-b5ab-4069-8889-899e41c183e7": {
                    "type": "compliance",
                    "name": "M08: Het project maakt technische schuld inzichtelijk en lost deze planmatig op",
                    "secondary_name": "",
                    "sources": {
                        "313fa700-c7ed-4e9b-8cfc-84ad3b6f18d6": {
                            "type": "manual_number",
                            "parameters": {}
                        }
                    },
                    "target": "100",
                    "near_target": "80"
                },
                "4f1c66d4-cad8-469e-a09b-3a0ca9e4bc05": {
                    "type": "compliance",
                    "name": "M26: Het project laat de beveiliging van het ontwikkelde product periodiek beoordelen",
                    "secondary_name": "",
                    "sources": {
                        "3a602a49-a182-4b75-81ec-2e497c20acf0": {
                            "type": "manual_number",
                            "parameters": {}
                        }
                    },
                    "target": "100",
                    "near_target": "80"
                }
            }
        },
        "b8493550-070b-41cf-ab95-0416067b6e09": {
            "type": "software",
            "name": "Processen",
            "metrics": {
                "077496f0-2b91-40a0-8183-f38b37a8b40c": {
                    "type": "compliance",
                    "name": "M14: Het project bereidt samen met opdrachtgevende organisatie en betrokken partijen de realisatie voor",
                    "secondary_name": "",
                    "sources": {
                        "722061f3-1c12-43cc-9d14-60389f392e1f": {
                            "type": "manual_number",
                            "parameters": {}
                        }
                    },
                    "target": "100",
                    "near_target": "80"
                },
                "b8f9df9d-469d-4428-babc-155b5507b405": {
                    "type": "compliance",
                    "name": "M21: Het project selecteert medewerkers op basis van kwaliteit",
                    "secondary_name": "",
                    "sources": {
                        "a873062f-bcb2-4d64-9dfe-9f505bd2d331": {
                            "type": "manual_number",
                            "parameters": {}
                        }
                    },
                    "target": "100",
                    "near_target": "80"
                },
                "20513964-6096-45b7-9e2c-8c3d6f5c93ee": {
                    "type": "compliance",
                    "name": "M23: Het project zorgt voor de aanwezigheid van kennis van en ervaring met de Kwaliteitsaanpak",
                    "secondary_name": "",
                    "sources": {
                        "42851a23-f414-472f-b2fd-b3245d9be485": {
                            "type": "manual_number",
                            "parameters": {}
                        }
                    },
                    "target": "100",
                    "near_target": "80"
                },
                "709f7087-640d-4db0-b96f-1c7f49a3369b": {
                    "type": "compliance",
                    "name": "M05: Het project hanteert een iteratief en incrementeel ontwikkelproces",
                    "secondary_name": "1. Scrumteam bestaand uit product owner, ontwikkelaars (zoals programmeurs, testers en ontwerpers) en Scrummaster",
                    "sources": {
                        "8f9960dd-8302-4d09-a28f-a728fd048f0c": {
                            "type": "manual_number",
                            "parameters": {}
                        }
                    },
                    "target": "100",
                    "near_target": "80"
                },
                "2ec5d3b3-5e62-4c64-8bf0-ede78e94aecd": {
                    "type": "compliance",
                    "name": "M05: Het project hanteert een iteratief en incrementeel ontwikkelproces",
                    "secondary_name": "2. Proces met daily scrum, sprints, sprint planning, sprint review, sprint retrospective en sprint refinement",
                    "sources": {
                        "4797ec69-ba86-4b37-bea0-dd02ef55cfcb": {
                            "type": "manual_number",
                            "parameters": {}
                        }
                    },
                    "target": "100",
                    "near_target": "80"
                },
                "b3a19c8e-24e8-4d41-90ac-f8a4c08e5f14": {
                    "type": "compliance",
                    "name": "M05: Het project hanteert een iteratief en incrementeel ontwikkelproces",
                    "secondary_name": "3. Definition of Ready en Definition of Done",
                    "sources": {
                        "ee4c3ad2-e1f3-4533-86e3-f8ae74de8688": {
                            "type": "manual_number",
                            "parameters": {}
                        }
                    },
                    "target": "100",
                    "near_target": "80"
                },
                "c19d1737-236b-4f34-a30b-89079db91fad": {
                    "type": "compliance",
                    "name": "M05: Het project hanteert een iteratief en incrementeel ontwikkelproces",
                    "secondary_name": "4. Product backlog en sprint backlog",
                    "sources": {
                        "32813b0b-298c-4576-a22f-249677669a1b": {
                            "type": "manual_number",
                            "parameters": {}
                        }
                    },
                    "target": "100",
                    "near_target": "80"
                },
                "08518536-814d-46d1-964f-b4b5c637f76c": {
                    "type": "compliance",
                    "name": "M35: Het project hanteert een agile architectuuraanpak",
                    "secondary_name": "",
                    "sources": {
                        "7fb017fc-5844-4ec7-b5ac-81e5415d7b0a": {
                            "type": "manual_number",
                            "parameters": {}
                        }
                    },
                    "target": "100",
                    "near_target": "80"
                },
                "d51a3c0e-21d7-4601-8f46-a70a23a8937e": {
                    "type": "compliance",
                    "name": "M10: Het project kent een wekelijks projectoverleg",
                    "secondary_name": "",
                    "sources": {
                        "adb42e10-95e1-4860-aff4-2d629b2782d4": {
                            "type": "manual_number",
                            "parameters": {}
                        }
                    },
                    "target": "100",
                    "near_target": "80"
                },
                "8c9f8749-42d9-40d3-8fa2-918c61ff165d": {
                    "type": "compliance",
                    "name": "M28: Het project voert periodiek een self-assessment uit tegen de actuele versie van de Kwaliteitsaanpak",
                    "secondary_name": "",
                    "sources": {
                        "da0761c0-04a6-4533-b8c4-38f1c2e6d823": {
                            "type": "manual_number",
                            "parameters": {}
                        }
                    },
                    "target": "100",
                    "near_target": "80"
                },
                "0c4a9523-51eb-448b-a1cf-ccac308d0a1d": {
                    "type": "compliance",
                    "name": "M30: Het project identificeert, mitigeert en bewaakt risico's",
                    "secondary_name": "",
                    "sources": {
                        "76a5f010-1bf9-4513-95bf-04b55d61be79": {
                            "type": "manual_number",
                            "parameters": {}
                        }
                    },
                    "target": "100",
                    "near_target": "80"
                },
                "cb8fc2ea-fc0e-420e-a4f9-46d2fdb511e6": {
                    "type": "compliance",
                    "name": "M34: Het project draagt software beheerst over",
                    "secondary_name": "1. De documentatie beschrijft de ontwikkel- en testomgeving die is toegepast",
                    "sources": {
                        "31f1d407-7177-4505-ac49-6e3a1d7259b8": {
                            "type": "manual_number",
                            "parameters": {}
                        }
                    },
                    "target": "100",
                    "near_target": "80"
                },
                "79ae3186-465b-4995-90fa-6bb1d1de8ed4": {
                    "type": "compliance",
                    "name": "M34: Het project draagt software beheerst over",
                    "secondary_name": "2. De functionele documentatie beschrijft gegevensmodellen, functionele indeling, koppelingen, berichtdefinities en workflows/processen",
                    "sources": {
                        "15c9906b-001f-48e1-abb4-65884308a2f2": {
                            "type": "manual_number",
                            "parameters": {}
                        }
                    },
                    "target": "100",
                    "near_target": "80"
                },
                "4549e1c5-8c93-4406-b74a-b0353a2e2f6f": {
                    "type": "compliance",
                    "name": "M34: Het project draagt software beheerst over",
                    "secondary_name": "3. Als operationeel beheer onderdeel was van de dienstverlening: de operationele bedieningsinstructies beschrijven minimaal back-up/recovery, procedures bij calamiteiten, regelmatig terugkerende beheeractiviteiten en opstart- en afsluitprocedures",
                    "sources": {
                        "c705bc55-b17c-4580-ac69-1dd2e2c797aa": {
                            "type": "manual_number",
                            "parameters": {}
                        }
                    },
                    "target": "100",
                    "near_target": "80"
                },
                "f0b1d681-912d-45ba-bfee-5ebd72256ec8": {
                    "type": "compliance",
                    "name": "M34: Het project draagt software beheerst over",
                    "secondary_name": "4. De product backlog bevat de bekende bugs en wensen",
                    "sources": {
                        "c56175e0-12e2-4216-8740-facf0e9b6e67": {
                            "type": "manual_number",
                            "parameters": {}
                        }
                    },
                    "target": "100",
                    "near_target": "80"
                },
                "1440d3b9-2210-4026-af68-e097bf06e58b": {
                    "type": "compliance",
                    "name": "M34: Het project draagt software beheerst over",
                    "secondary_name": "5. De broncode kent een gezonde balans tussen isolatie, cohesie en koppeling",
                    "sources": {
                        "45e6a3ad-c922-4f4d-8638-c9db02c4e823": {
                            "type": "manual_number",
                            "parameters": {}
                        }
                    },
                    "target": "100",
                    "near_target": "80"
                },
                "3100a386-1dc1-487a-8526-4c7cd60a3722": {
                    "type": "compliance",
                    "name": "M34: Het project draagt software beheerst over",
                    "secondary_name": "6. De broncode heeft een beperkte mate van duplicatie",
                    "sources": {
                        "dc8c481f-ef68-4467-95f3-edb4902f1eb1": {
                            "type": "manual_number",
                            "parameters": {}
                        }
                    },
                    "target": "100",
                    "near_target": "80"
                },
                "e79f9b87-430b-4900-93c7-b269ea78bf05": {
                    "type": "compliance",
                    "name": "M34: Het project draagt software beheerst over",
                    "secondary_name": "7. De broncode heeft een beperkte mate van complexiteit",
                    "sources": {
                        "f808f0e7-55b2-458e-94f4-8a6e3ae8ce02": {
                            "type": "manual_number",
                            "parameters": {}
                        }
                    },
                    "target": "100",
                    "near_target": "80"
                },
                "2bfa0660-8198-422e-963b-a89915b52b6a": {
                    "type": "compliance",
                    "name": "M34: Het project draagt software beheerst over",
                    "secondary_name": "8. De broncode bevat geen of een beperkt aantal niet-afgeronde werkzaamheden (\"todo's\")",
                    "sources": {
                        "0809a5d8-d4ca-45e4-9209-4b291d8dbf97": {
                            "type": "manual_number",
                            "parameters": {}
                        }
                    },
                    "target": "100",
                    "near_target": "80"
                },
                "4d528d24-1830-4056-b29c-3920cd48415a": {
                    "type": "compliance",
                    "name": "M34: Het project draagt software beheerst over",
                    "secondary_name": "9. De tests raken een voldoende groot deel van de broncode",
                    "sources": {
                        "36c5900c-1a30-4123-ba42-48524c8ebf67": {
                            "type": "manual_number",
                            "parameters": {}
                        }
                    },
                    "target": "100",
                    "near_target": "80"
                },
                "9aa39010-fe02-43f5-81f1-af3e44739223": {
                    "type": "compliance",
                    "name": "M34: Het project draagt software beheerst over",
                    "secondary_name": "10. De tests raken een voldoende groot deel van de functionaliteit (functionele dekking)",
                    "sources": {
                        "6c7463a8-3cb9-4b22-b1e5-0c3a6059c1b9": {
                            "type": "manual_number",
                            "parameters": {}
                        }
                    },
                    "target": "100",
                    "near_target": "80"
                },
                "bcf09feb-0372-4d47-b9bd-72bb967b1c6a": {
                    "type": "compliance",
                    "name": "M34: Het project draagt software beheerst over",
                    "secondary_name": "11. De onderkende productrisico's zijn gedekt",
                    "sources": {
                        "110dbdec-13be-4abd-a45e-3e12fb8dea9c": {
                            "type": "manual_number",
                            "parameters": {}
                        }
                    },
                    "target": "100",
                    "near_target": "80"
                },
                "04ee308a-2d84-4cd8-b3f4-26dd195e996b": {
                    "type": "compliance",
                    "name": "M34: Het project draagt software beheerst over",
                    "secondary_name": "12. Er is een regressietest beschikbaar",
                    "sources": {
                        "f16545ae-d84c-4cdd-a808-8bf4cf994371": {
                            "type": "manual_number",
                            "parameters": {}
                        }
                    },
                    "target": "100",
                    "near_target": "80"
                },
                "42adad8a-4e2b-4d31-bb52-15a27bae9264": {
                    "type": "compliance",
                    "name": "M34: Het project draagt software beheerst over",
                    "secondary_name": "13. Er is traceerbaarheid van eisen naar testgevallen",
                    "sources": {
                        "73bf6dda-5a24-4f18-9136-2ae30a9679cd": {
                            "type": "manual_number",
                            "parameters": {}
                        }
                    },
                    "target": "100",
                    "near_target": "80"
                },
                "a14c5adc-872a-4b2f-a348-043a924ddbd7": {
                    "type": "compliance",
                    "name": "M34: Het project draagt software beheerst over",
                    "secondary_name": "14. De testset is goed opgebouwd",
                    "sources": {
                        "22e5a6e9-e747-48b0-a193-18e8de002c11": {
                            "type": "manual_number",
                            "parameters": {}
                        }
                    },
                    "target": "100",
                    "near_target": "80"
                },
                "961f1d0f-be72-44e7-85ba-d9257e348a13": {
                    "type": "compliance",
                    "name": "M27: Het project sluit projectfasen en zichzelf expliciet af",
                    "secondary_name": "",
                    "sources": {
                        "6328f0a6-323f-4d89-9d14-4f13984a7488": {
                            "type": "manual_number",
                            "parameters": {}
                        }
                    },
                    "target": "100",
                    "near_target": "80"
                }
            }
        },
        "59230906-cc72-4258-bf93-7b3c8a9a7b91": {
            "type": "software",
            "name": "Organisatie",
            "metrics": {
                "ce29d6e7-043c-4116-a161-daf09dd34e2c": {
                    "type": "compliance",
                    "name": "M29: ICTU organiseert voor aanvang van een project de interne dienstverlening",
                    "secondary_name": "",
                    "sources": {
                        "9f0f3420-f2fd-4826-a9c9-92754278dc7f": {
                            "type": "manual_number",
                            "parameters": {}
                        }
                    },
                    "target": "100",
                    "near_target": "80"
                },
                "c2bdbbff-556d-4443-adc6-83537288d89b": {
                    "type": "compliance",
                    "name": "M19: ICTU biedt projecten een afgeschermde digitale omgeving",
                    "secondary_name": "",
                    "sources": {
                        "ab2741da-427d-49b1-af69-015453ca5925": {
                            "type": "manual_number",
                            "parameters": {}
                        }
                    },
                    "target": "100",
                    "near_target": "80"
                },
                "c69b58a8-2108-45de-8899-e00c6a3e53b2": {
                    "type": "compliance",
                    "name": "M18: ICTU biedt ondersteuning voor verplicht gestelde tools",
                    "secondary_name": "",
                    "sources": {
                        "6c5a2a5e-5a17-40a3-84f8-044ad19264ad": {
                            "type": "manual_number",
                            "parameters": {}
                        }
                    },
                    "target": "100",
                    "near_target": "80"
                },
                "39c677de-4a31-453b-8d83-b10e5c223ea4": {
                    "type": "compliance",
                    "name": "M11: ICTU beheert, onderhoudt en implementeert de Kwaliteitsaanpak en kwaliteitsnormen",
                    "secondary_name": "",
                    "sources": {
                        "22d2a949-1695-4353-b983-e50946019bde": {
                            "type": "manual_number",
                            "parameters": {}
                        }
                    },
                    "target": "100",
                    "near_target": "80"
                },
                "3db9d11a-15a0-4327-9ab0-7a8100f0155b": {
                    "type": "compliance",
                    "name": "M12: ICTU publiceert nieuwe versies van de Kwaliteitsaanpak en normen periodiek en op een vaste locatie",
                    "secondary_name": "",
                    "sources": {
                        "a47f3eed-6d3a-453d-9428-3d469cd872d4": {
                            "type": "manual_number",
                            "parameters": {}
                        }
                    },
                    "target": "100",
                    "near_target": "80"
                },
                "a50e39ae-22f6-4ebd-baaf-f4cb6990f91c": {
                    "type": "compliance",
                    "name": "M33: ICTU organiseert periodiek een gezamenlijke self-assessment ten aanzien van de Kwaliteitsaanpak",
                    "secondary_name": "",
                    "sources": {
                        "f3734914-8373-4686-a0af-1ae3302b9bf9": {
                            "type": "manual_number",
                            "parameters": {}
                        }
                    },
                    "target": "100",
                    "near_target": "80"
                }
            }
        }
    },
    "title": "ICTU Kwaliteitsaanpak Softwareontwikkeling versie wip",
    "subtitle": "Checklist",
    "report_uuid": "ictu_ka_checklist_wip"
}