{
    "subjects": {
        "f8d3c970-36ce-4cc0-8345-08a9af32d559": {
            "type": "software",
            "name": "Producten",
            "metrics": {
                "ee9d06e0-51d0-4f48-9344-418650394680": {
                    "type": "compliance",
                    "name": "M01: Het project ontvangt en levert in elke fase vastgestelde producten en informatie",
                    "secondary_name": "1. Business impact analyse",
                    "sources": {
                        "f8817c68-7410-4fc7-a977-4ef33761a4e0": {
                            "type": "manual_number",
                            "parameters": {}
                        }
                    },
                    "target": "100",
                    "near_target": "80"
                },
                "d7972f0c-a708-4c62-afdd-8ba97be49697": {
                    "type": "compliance",
                    "name": "M01: Het project ontvangt en levert in elke fase vastgestelde producten en informatie",
                    "secondary_name": "2. Data protection impact assessment",
                    "sources": {
                        "fc8fff41-7883-41c6-9110-1174ef04c1b4": {
                            "type": "manual_number",
                            "parameters": {}
                        }
                    },
                    "target": "100",
                    "near_target": "80"
                },
                "bef6d3a8-347a-4ec4-95db-911ab8430ab3": {
                    "type": "compliance",
                    "name": "M01: Het project ontvangt en levert in elke fase vastgestelde producten en informatie",
                    "secondary_name": "3. Impact assessment mensenrechten en algoritmes",
                    "sources": {
                        "9ae4ab41-91cb-4116-b561-43473d48c06a": {
                            "type": "manual_number",
                            "parameters": {}
                        }
                    },
                    "target": "100",
                    "near_target": "80"
                },
                "d67a8350-86df-4876-a297-600dd1e5fc28": {
                    "type": "compliance",
                    "name": "M01: Het project ontvangt en levert in elke fase vastgestelde producten en informatie",
                    "secondary_name": "4. Projectstartarchitectuur en solution architectuur ",
                    "sources": {
                        "84dff4e9-b684-47b9-919b-378435002446": {
                            "type": "manual_number",
                            "parameters": {}
                        }
                    },
                    "target": "100",
                    "near_target": "80"
                },
                "82baf875-20af-4139-9f47-f4fc4d331061": {
                    "type": "compliance",
                    "name": "M01: Het project ontvangt en levert in elke fase vastgestelde producten en informatie",
                    "secondary_name": "5. Afspraken met de beheerorganisatie ",
                    "sources": {
                        "21be455b-647d-49ed-a15a-9585e0b87c94": {
                            "type": "manual_number",
                            "parameters": {}
                        }
                    },
                    "target": "100",
                    "near_target": "80"
                },
                "e12842f0-ed91-43a0-bc87-5271076b6198": {
                    "type": "compliance",
                    "name": "M01: Het project ontvangt en levert in elke fase vastgestelde producten en informatie",
                    "secondary_name": "6. Plan van aanpak: voorfase ",
                    "sources": {
                        "61b466d7-5504-4b3f-aa75-dfec63f40e5f": {
                            "type": "manual_number",
                            "parameters": {}
                        }
                    },
                    "target": "100",
                    "near_target": "80"
                },
                "0fa77bf4-8169-4a57-9b1c-54caca3dfacd": {
                    "type": "compliance",
                    "name": "M01: Het project ontvangt en levert in elke fase vastgestelde producten en informatie",
                    "secondary_name": "7. Beschrijving van functionele eisen ",
                    "sources": {
                        "60be42f1-aa8d-4db1-ab6e-af4cf5c4f0b2": {
                            "type": "manual_number",
                            "parameters": {}
                        }
                    },
                    "target": "100",
                    "near_target": "80"
                },
                "d171eeb4-0698-4d43-8438-1e77e448f89d": {
                    "type": "compliance",
                    "name": "M01: Het project ontvangt en levert in elke fase vastgestelde producten en informatie",
                    "secondary_name": "8. Beschrijving van niet-functionele eisen ",
                    "sources": {
                        "4af658f2-ffe2-4248-9b00-6f286972f63e": {
                            "type": "manual_number",
                            "parameters": {}
                        }
                    },
                    "target": "100",
                    "near_target": "80"
                },
                "8da511ab-375d-4723-ae20-9a3fbe4c82d7": {
                    "type": "compliance",
                    "name": "M01: Het project ontvangt en levert in elke fase vastgestelde producten en informatie",
                    "secondary_name": "9. Product backlog",
                    "sources": {
                        "e710cf16-7b22-4c6e-a8de-1ed5dfb36b34": {
                            "type": "manual_number",
                            "parameters": {}
                        }
                    },
                    "target": "100",
                    "near_target": "80"
                },
                "6c51195a-5dce-400c-a350-269eb6d31a7b": {
                    "type": "compliance",
                    "name": "M01: Het project ontvangt en levert in elke fase vastgestelde producten en informatie",
                    "secondary_name": "10. Ontwerp- en architectuurdocumentatie",
                    "sources": {
                        "c987c440-5746-416c-be71-26f24ab00233": {
                            "type": "manual_number",
                            "parameters": {}
                        }
                    },
                    "target": "100",
                    "near_target": "80"
                },
                "936c3fb1-9e61-4ae0-966e-6cfc821c4c2d": {
                    "type": "compliance",
                    "name": "M01: Het project ontvangt en levert in elke fase vastgestelde producten en informatie",
                    "secondary_name": "11. Mastertestplan",
                    "sources": {
                        "c9073ed7-6365-48f2-836b-b8a70738d761": {
                            "type": "manual_number",
                            "parameters": {}
                        }
                    },
                    "target": "100",
                    "near_target": "80"
                },
                "6a7fb8ca-9ac5-436d-a3fd-2890b4e0b786": {
                    "type": "compliance",
                    "name": "M01: Het project ontvangt en levert in elke fase vastgestelde producten en informatie",
                    "secondary_name": "12. Detailtestplannen",
                    "sources": {
                        "3326e3ea-9d1a-4fb5-89f7-14edc05ab006": {
                            "type": "manual_number",
                            "parameters": {}
                        }
                    },
                    "target": "100",
                    "near_target": "80"
                },
                "9f0985cd-d327-4d50-8d17-5e4ed3399f54": {
                    "type": "compliance",
                    "name": "M01: Het project ontvangt en levert in elke fase vastgestelde producten en informatie",
                    "secondary_name": "13. Informatiebeveiligingsplan",
                    "sources": {
                        "e73a5b8f-13fc-458c-a3ff-b4f6153dfb9a": {
                            "type": "manual_number",
                            "parameters": {}
                        }
                    },
                    "target": "100",
                    "near_target": "80"
                },
                "8a23743d-27fc-4f05-9039-869190d55a14": {
                    "type": "compliance",
                    "name": "M01: Het project ontvangt en levert in elke fase vastgestelde producten en informatie",
                    "secondary_name": "14. Kwaliteitsplan",
                    "sources": {
                        "4c81fea3-5163-4a1e-84c4-6be25e4357f6": {
                            "type": "manual_number",
                            "parameters": {}
                        }
                    },
                    "target": "100",
                    "near_target": "80"
                },
                "80d5e11e-0e61-4d69-ab49-1d199676f627": {
                    "type": "compliance",
                    "name": "M01: Het project ontvangt en levert in elke fase vastgestelde producten en informatie",
                    "secondary_name": "15. Plan van aanpak: realisatiefase",
                    "sources": {
                        "40c2e1c4-dd97-4a1b-b863-d0e8ab004e9f": {
                            "type": "manual_number",
                            "parameters": {}
                        }
                    },
                    "target": "100",
                    "near_target": "80"
                },
                "34cf9d9e-c71b-4fde-aacc-aff73f703f51": {
                    "type": "compliance",
                    "name": "M01: Het project ontvangt en levert in elke fase vastgestelde producten en informatie",
                    "secondary_name": "16. Deploybare versie van de software",
                    "sources": {
                        "fe452684-48ad-4963-a687-cd3aa71604ee": {
                            "type": "manual_number",
                            "parameters": {}
                        }
                    },
                    "target": "100",
                    "near_target": "80"
                },
                "7bd57d6b-8242-44ec-9cc9-09b562da155b": {
                    "type": "compliance",
                    "name": "M01: Het project ontvangt en levert in elke fase vastgestelde producten en informatie",
                    "secondary_name": "17. Testrapportages",
                    "sources": {
                        "92080fc3-4939-4c7d-89d9-d77572d668f0": {
                            "type": "manual_number",
                            "parameters": {}
                        }
                    },
                    "target": "100",
                    "near_target": "80"
                },
                "7bc977f1-51cd-47b8-b281-73327fe270e2": {
                    "type": "compliance",
                    "name": "M01: Het project ontvangt en levert in elke fase vastgestelde producten en informatie",
                    "secondary_name": "18. Documentatie voor deployment en operationeel beheer",
                    "sources": {
                        "b2d96ece-5537-4580-bc90-42f9c6884b48": {
                            "type": "manual_number",
                            "parameters": {}
                        }
                    },
                    "target": "100",
                    "near_target": "80"
                },
                "1bbacb41-d58c-4574-a097-3ee689812d2d": {
                    "type": "compliance",
                    "name": "M01: Het project ontvangt en levert in elke fase vastgestelde producten en informatie",
                    "secondary_name": "19. Software bill of materials",
                    "sources": {
                        "def219a0-faf2-487c-8598-f575d074b316": {
                            "type": "manual_number",
                            "parameters": {}
                        }
                    },
                    "target": "100",
                    "near_target": "80"
                },
                "abf1a24c-2e1a-4acb-948e-17bc6a7a8856": {
                    "type": "compliance",
                    "name": "M01: Het project ontvangt en levert in elke fase vastgestelde producten en informatie",
                    "secondary_name": "20. Release notes",
                    "sources": {
                        "4939af1c-f951-441f-a772-ec20fe8f141d": {
                            "type": "manual_number",
                            "parameters": {}
                        }
                    },
                    "target": "100",
                    "near_target": "80"
                },
                "af3cdc1f-be30-434b-ab59-500b3d4ca7bf": {
                    "type": "compliance",
                    "name": "M01: Het project ontvangt en levert in elke fase vastgestelde producten en informatie",
                    "secondary_name": "21. Vrijgaveadvies",
                    "sources": {
                        "4a26cae7-7325-47aa-b8af-e9d720558fe1": {
                            "type": "manual_number",
                            "parameters": {}
                        }
                    },
                    "target": "100",
                    "near_target": "80"
                },
                "545de57c-2191-4010-930c-0c770c7b8eb2": {
                    "type": "compliance",
                    "name": "M32: Het project onderzoekt de kwaliteit van over te nemen software",
                    "secondary_name": "1. Een rapportage met tenminste de bevindingen, risico's voor opdrachtgevende organisatie en ICTU, en mitigerende maatregelen",
                    "sources": {
                        "f6e4f858-a84c-4790-a726-2a771e8d8fbf": {
                            "type": "manual_number",
                            "parameters": {}
                        }
                    },
                    "target": "100",
                    "near_target": "80"
                },
                "5e0b25d6-1e17-4ceb-8777-af06c6abf315": {
                    "type": "compliance",
                    "name": "M32: Het project onderzoekt de kwaliteit van over te nemen software",
                    "secondary_name": "2. Een transitieplan dat de activiteiten beschrijft die nodig zijn om de software af te bouwen of te herbouwen en te onderhouden",
                    "sources": {
                        "b2dace31-f5d0-46de-8ab9-a9196b71a985": {
                            "type": "manual_number",
                            "parameters": {}
                        }
                    },
                    "target": "100",
                    "near_target": "80"
                },
                "59380e20-804b-42c0-ae91-5b21f3ae85ae": {
                    "type": "compliance",
                    "name": "M32: Het project onderzoekt de kwaliteit van over te nemen software",
                    "secondary_name": "3. Als er significante technische schuld aanwezig is in de bestaande software: een plan voor het aflossen van deze schuld",
                    "sources": {
                        "1db3bfdf-52d1-4a7a-adba-e62772cc16e5": {
                            "type": "manual_number",
                            "parameters": {}
                        }
                    },
                    "target": "100",
                    "near_target": "80"
                },
                "3a495d02-5bb9-4513-afeb-9695a5395d1c": {
                    "type": "compliance",
                    "name": "M02: Het project bewaakt continu dat het product aan de kwaliteitsnormen voldoet",
                    "secondary_name": "1. Tijdens de voorfase: het project reviewt de deliverables periodiek",
                    "sources": {
                        "a6b88f64-fa27-4b94-999f-c7fe93ba9cd3": {
                            "type": "manual_number",
                            "parameters": {}
                        }
                    },
                    "target": "100",
                    "near_target": "80"
                },
                "e75a1c52-2471-495d-b3ea-270c3797e434": {
                    "type": "compliance",
                    "name": "M02: Het project bewaakt continu dat het product aan de kwaliteitsnormen voldoet",
                    "secondary_name": "2. Tijdens de realisatiefase: het project bewaakt op dagelijkse basis en geautomatiseerd de kwaliteit van de software",
                    "sources": {
                        "dccff62b-0a4a-4a6b-aad2-80d58e37a57f": {
                            "type": "manual_number",
                            "parameters": {}
                        }
                    },
                    "target": "100",
                    "near_target": "80"
                },
                "0bed018b-f784-4dd0-b35e-ccc126eeb8d5": {
                    "type": "compliance",
                    "name": "M02: Het project bewaakt continu dat het product aan de kwaliteitsnormen voldoet",
                    "secondary_name": "3. Als operationeel beheer onderdeel is van de dienstverlening tijdens de realisatiefase: het project bewaakt op dagelijkse basis en geautomatiseerd het gedrag van de software in gebruik en beheer",
                    "sources": {
                        "80ec5d62-bc2c-4259-8da0-10d9b8518d24": {
                            "type": "manual_number",
                            "parameters": {}
                        }
                    },
                    "target": "100",
                    "near_target": "80"
                },
                "21873518-91f6-4086-934e-7d139f38a4dd": {
                    "type": "compliance",
                    "name": "M02: Het project bewaakt continu dat het product aan de kwaliteitsnormen voldoet",
                    "secondary_name": "4. Tijdens de realisatiefase: het project evalueert periodiek en handmatig de kwaliteitseigenschappen van de software die niet geautomatiseerd kunnen worden gemeten",
                    "sources": {
                        "afefdb31-8e4e-4ab0-a843-3fce4dd57801": {
                            "type": "manual_number",
                            "parameters": {}
                        }
                    },
                    "target": "100",
                    "near_target": "80"
                },
                "5efe0f77-498f-4d76-9e9f-443c3e0d8a60": {
                    "type": "compliance",
                    "name": "M02: Het project bewaakt continu dat het product aan de kwaliteitsnormen voldoet",
                    "secondary_name": "5. Tijdens de realisatiefase: het project actualiseert en reviewt periodiek de documentatie",
                    "sources": {
                        "613fb902-38b4-40fd-bc6b-4f2b4fb29f52": {
                            "type": "manual_number",
                            "parameters": {}
                        }
                    },
                    "target": "100",
                    "near_target": "80"
                },
                "f8a11c80-030a-4d27-ab4e-df315a56f4e7": {
                    "type": "compliance",
                    "name": "M02: Het project bewaakt continu dat het product aan de kwaliteitsnormen voldoet",
                    "secondary_name": "6. Indien nodig: de kwaliteitsmanager escaleert het langdurig niet halen van de kwaliteitsnormen",
                    "sources": {
                        "a0ea402d-da52-47db-bec4-3624215202f2": {
                            "type": "manual_number",
                            "parameters": {}
                        }
                    },
                    "target": "100",
                    "near_target": "80"
                },
                "93703d34-1935-421a-872c-3dabb25ce4d5": {
                    "type": "compliance",
                    "name": "M03: Het project zorgt dat het product traceerbaar aan eisen voldoet",
                    "secondary_name": "",
                    "sources": {
                        "0abf769b-0636-4b29-878c-24a953c57244": {
                            "type": "manual_number",
                            "parameters": {}
                        }
                    },
                    "target": "100",
                    "near_target": "80"
                },
                "cf6bb8e6-ddd6-40ad-ac8f-a1a56fe3d759": {
                    "type": "compliance",
                    "name": "M04: Het project borgt de correcte werking van het product met geautomatiseerde regressietests",
                    "secondary_name": "",
                    "sources": {
                        "c08b3599-ed71-4754-940c-984e73148c61": {
                            "type": "manual_number",
                            "parameters": {}
                        }
                    },
                    "target": "100",
                    "near_target": "80"
                },
                "db9ffdc4-0003-4d78-8a5d-a03eefffa11a": {
                    "type": "compliance",
                    "name": "M07: Het project gebruikt een continuous delivery pipeline om het product te bouwen, testen en op te leveren",
                    "secondary_name": "1. Bouw van de software",
                    "sources": {
                        "a1dd03b0-6363-4741-8eb3-92219cb97675": {
                            "type": "manual_number",
                            "parameters": {}
                        }
                    },
                    "target": "100",
                    "near_target": "80"
                },
                "9ab81592-ab1a-4672-b6da-65a4a7777577": {
                    "type": "compliance",
                    "name": "M07: Het project gebruikt een continuous delivery pipeline om het product te bouwen, testen en op te leveren",
                    "secondary_name": "2. Unit tests",
                    "sources": {
                        "d2e0c79a-481a-49f6-a0f3-bc52d592cd00": {
                            "type": "manual_number",
                            "parameters": {}
                        }
                    },
                    "target": "100",
                    "near_target": "80"
                },
                "492ea990-c002-4532-97b7-cd236e52b14b": {
                    "type": "compliance",
                    "name": "M07: Het project gebruikt een continuous delivery pipeline om het product te bouwen, testen en op te leveren",
                    "secondary_name": "3. Regressietests",
                    "sources": {
                        "cf26c0f3-4224-4795-aeef-2d73e60cd231": {
                            "type": "manual_number",
                            "parameters": {}
                        }
                    },
                    "target": "100",
                    "near_target": "80"
                },
                "82932bb7-1d4b-4603-959c-19d764b85f2e": {
                    "type": "compliance",
                    "name": "M07: Het project gebruikt een continuous delivery pipeline om het product te bouwen, testen en op te leveren",
                    "secondary_name": "4. Beveiligingstests",
                    "sources": {
                        "f90ee76f-4ce3-417a-913e-ef0b888462d5": {
                            "type": "manual_number",
                            "parameters": {}
                        }
                    },
                    "target": "100",
                    "near_target": "80"
                },
                "dd8e71d4-b5e5-416c-8dfa-d26969bbca8b": {
                    "type": "compliance",
                    "name": "M07: Het project gebruikt een continuous delivery pipeline om het product te bouwen, testen en op te leveren",
                    "secondary_name": "5. Performancetests",
                    "sources": {
                        "0141db19-1328-4e28-8c37-10a4144bd696": {
                            "type": "manual_number",
                            "parameters": {}
                        }
                    },
                    "target": "100",
                    "near_target": "80"
                },
                "ad821171-746d-4063-9692-d1b298f07962": {
                    "type": "compliance",
                    "name": "M07: Het project gebruikt een continuous delivery pipeline om het product te bouwen, testen en op te leveren",
                    "secondary_name": "6. Toegankelijkheidstests",
                    "sources": {
                        "e0867c9a-b593-4675-a9ad-ba5c7c8073d0": {
                            "type": "manual_number",
                            "parameters": {}
                        }
                    },
                    "target": "100",
                    "near_target": "80"
                },
                "37bba8cc-d768-42e8-9bf5-672f1ba7c926": {
                    "type": "compliance",
                    "name": "M07: Het project gebruikt een continuous delivery pipeline om het product te bouwen, testen en op te leveren",
                    "secondary_name": "7. Broncodekwaliteitscontroles",
                    "sources": {
                        "36035bc7-26a0-4706-9879-e33a51c5ebdb": {
                            "type": "manual_number",
                            "parameters": {}
                        }
                    },
                    "target": "100",
                    "near_target": "80"
                },
                "9808f07f-6dc3-44b6-ad84-65261a115b1c": {
                    "type": "compliance",
                    "name": "M07: Het project gebruikt een continuous delivery pipeline om het product te bouwen, testen en op te leveren",
                    "secondary_name": "8. Installatie van de software in test, acceptatie en/of productieomgevingen",
                    "sources": {
                        "0f40c262-2cf3-437b-9d9b-14a1b55084b3": {
                            "type": "manual_number",
                            "parameters": {}
                        }
                    },
                    "target": "100",
                    "near_target": "80"
                },
                "1ca3245f-914c-4bdd-a6ad-d2ce8a7e8fc8": {
                    "type": "compliance",
                    "name": "M07: Het project gebruikt een continuous delivery pipeline om het product te bouwen, testen en op te leveren",
                    "secondary_name": "9. Oplevering van het totale product, dus inclusief alle deliverables, in de vorm zoals bruikbaar voor en afgesproken met de opdrachtgevende organisatie",
                    "sources": {
                        "c980e0a4-b014-4834-8cdd-39a1a984b102": {
                            "type": "manual_number",
                            "parameters": {}
                        }
                    },
                    "target": "100",
                    "near_target": "80"
                },
                "a8eaef84-50cf-4310-b34a-95d74936ed07": {
                    "type": "compliance",
                    "name": "M16: Het project gebruikt tools voor vastgestelde taken",
                    "secondary_name": "1. Product en sprint backlog management en agile werken",
                    "sources": {
                        "02136fec-15e6-4606-b977-97ad8d441eec": {
                            "type": "manual_number",
                            "parameters": {}
                        }
                    },
                    "target": "100",
                    "near_target": "80"
                },
                "924a43c6-110f-4d9e-af10-1f8a75b966d7": {
                    "type": "compliance",
                    "name": "M16: Het project gebruikt tools voor vastgestelde taken",
                    "secondary_name": "2. Inrichten en uitvoeren van een continuous delivery pipeline",
                    "sources": {
                        "bdb53d09-3de0-4c75-9614-7e68465a7fef": {
                            "type": "manual_number",
                            "parameters": {}
                        }
                    },
                    "target": "100",
                    "near_target": "80"
                },
                "f2b78d88-dd58-4c08-ba3c-a92df21cac9a": {
                    "type": "compliance",
                    "name": "M16: Het project gebruikt tools voor vastgestelde taken",
                    "secondary_name": "3. Monitoren van de kwaliteit van broncode",
                    "sources": {
                        "e1d782f3-73c3-42f2-a94e-104e95f837e9": {
                            "type": "manual_number",
                            "parameters": {}
                        }
                    },
                    "target": "100",
                    "near_target": "80"
                },
                "3a845d4f-7013-41d0-aad2-5647e7fa5b96": {
                    "type": "compliance",
                    "name": "M16: Het project gebruikt tools voor vastgestelde taken",
                    "secondary_name": "4. Versiebeheer van op te leveren producten",
                    "sources": {
                        "97d79122-f7ae-4091-9987-3f37c5a09a3f": {
                            "type": "manual_number",
                            "parameters": {}
                        }
                    },
                    "target": "100",
                    "near_target": "80"
                },
                "cff7882a-4110-48eb-838f-e8e262bd8f72": {
                    "type": "compliance",
                    "name": "M16: Het project gebruikt tools voor vastgestelde taken",
                    "secondary_name": "5. Release van software",
                    "sources": {
                        "31b1d79b-2beb-4ecc-bfa1-63b1ac25171c": {
                            "type": "manual_number",
                            "parameters": {}
                        }
                    },
                    "target": "100",
                    "near_target": "80"
                },
                "e7131c38-2b08-4f24-b50d-7e26c52bedda": {
                    "type": "compliance",
                    "name": "M16: Het project gebruikt tools voor vastgestelde taken",
                    "secondary_name": "6. Maken van testrapportages",
                    "sources": {
                        "5ccef2d9-4cbc-428e-8206-5b14b6b18b6e": {
                            "type": "manual_number",
                            "parameters": {}
                        }
                    },
                    "target": "100",
                    "near_target": "80"
                },
                "ffb49bc3-6a0e-48bc-8920-3850edbc5b32": {
                    "type": "compliance",
                    "name": "M16: Het project gebruikt tools voor vastgestelde taken",
                    "secondary_name": "7. Maken van kwaliteitsrapportages",
                    "sources": {
                        "7de4c264-c867-40c7-b295-b40943035506": {
                            "type": "manual_number",
                            "parameters": {}
                        }
                    },
                    "target": "100",
                    "near_target": "80"
                },
                "1da48386-80c1-4769-a9f6-3ae1a9d9557c": {
                    "type": "compliance",
                    "name": "M16: Het project gebruikt tools voor vastgestelde taken",
                    "secondary_name": "8. Controleren op aanwezigheid van bekende kwetsbaarheden in externe software",
                    "sources": {
                        "7aad9e93-b8d1-4e0f-ab82-2cfd4e8c5fb3": {
                            "type": "manual_number",
                            "parameters": {}
                        }
                    },
                    "target": "100",
                    "near_target": "80"
                },
                "0c9381c5-725d-48bb-be0f-536f61688fab": {
                    "type": "compliance",
                    "name": "M16: Het project gebruikt tools voor vastgestelde taken",
                    "secondary_name": "9. Statische controle van de software op aanwezigheid van kwetsbare constructies",
                    "sources": {
                        "5c0640f7-26a3-4e06-bdd1-7474b2ca90f8": {
                            "type": "manual_number",
                            "parameters": {}
                        }
                    },
                    "target": "100",
                    "near_target": "80"
                },
                "f933eb8c-a9ca-4b8a-893a-d1704a43f13c": {
                    "type": "compliance",
                    "name": "M16: Het project gebruikt tools voor vastgestelde taken",
                    "secondary_name": "10. Dynamische controle van de software op aanwezigheid van kwetsbare constructies",
                    "sources": {
                        "7fccf782-6c64-4fd8-b37e-7b6b52fa2ad2": {
                            "type": "manual_number",
                            "parameters": {}
                        }
                    },
                    "target": "100",
                    "near_target": "80"
                },
                "37424ee0-a4a4-47ed-9996-fd2e5d99f57d": {
                    "type": "compliance",
                    "name": "M16: Het project gebruikt tools voor vastgestelde taken",
                    "secondary_name": "11. Controleren van container images op aanwezigheid van bekende kwetsbaarheden",
                    "sources": {
                        "dbfb85ef-b583-4d92-99e4-599cc8ac212d": {
                            "type": "manual_number",
                            "parameters": {}
                        }
                    },
                    "target": "100",
                    "near_target": "80"
                },
                "2d0ca3bc-5714-4b05-b42e-50696f6877bd": {
                    "type": "compliance",
                    "name": "M16: Het project gebruikt tools voor vastgestelde taken",
                    "secondary_name": "12. Testen van performance en schaalbaarheid",
                    "sources": {
                        "82acc1bc-7f20-4234-a5cc-0bb8f8e23c40": {
                            "type": "manual_number",
                            "parameters": {}
                        }
                    },
                    "target": "100",
                    "near_target": "80"
                },
                "f6e0ef76-c1c8-4760-bba3-e56f29a3354f": {
                    "type": "compliance",
                    "name": "M16: Het project gebruikt tools voor vastgestelde taken",
                    "secondary_name": "13. Testen op toegankelijkheid van de applicatie",
                    "sources": {
                        "b2ffbc92-baf4-4b8c-825d-b7de4448e568": {
                            "type": "manual_number",
                            "parameters": {}
                        }
                    },
                    "target": "100",
                    "near_target": "80"
                },
                "e01cc0cd-99de-463f-9ddf-93465c788779": {
                    "type": "compliance",
                    "name": "M16: Het project gebruikt tools voor vastgestelde taken",
                    "secondary_name": "14. Produceren van een \"software bill of materials\" (SBoM)",
                    "sources": {
                        "00baff7f-4170-46e5-a574-2944ec1a2a70": {
                            "type": "manual_number",
                            "parameters": {}
                        }
                    },
                    "target": "100",
                    "near_target": "80"
                },
                "8da6d708-4a18-4bc5-ac3b-4312ad903369": {
                    "type": "compliance",
                    "name": "M16: Het project gebruikt tools voor vastgestelde taken",
                    "secondary_name": "15. Opslaan van artifacten",
                    "sources": {
                        "6c684c31-d164-4e4e-bcfa-ec492da94825": {
                            "type": "manual_number",
                            "parameters": {}
                        }
                    },
                    "target": "100",
                    "near_target": "80"
                },
                "d1aa8798-918e-4b23-a50c-1a00c953a596": {
                    "type": "compliance",
                    "name": "M16: Het project gebruikt tools voor vastgestelde taken",
                    "secondary_name": "16. Registratie van incidenten bij gebruik en beheer",
                    "sources": {
                        "71c56d80-cef9-4fce-840b-f94504f550b6": {
                            "type": "manual_number",
                            "parameters": {}
                        }
                    },
                    "target": "100",
                    "near_target": "80"
                },
                "57381ea7-689b-4183-b6e6-867a6a0fb90a": {
                    "type": "compliance",
                    "name": "M16: Het project gebruikt tools voor vastgestelde taken",
                    "secondary_name": "17. Bij het uitvoeren van operationeel beheer; uitrollen van de software in de productieomgeving",
                    "sources": {
                        "0f57f2f8-54aa-4f20-ae16-705f70397478": {
                            "type": "manual_number",
                            "parameters": {}
                        }
                    },
                    "target": "100",
                    "near_target": "80"
                },
                "67129292-d904-4cf7-9244-95dc070ec1f0": {
                    "type": "compliance",
                    "name": "M08: Het project maakt technische schuld inzichtelijk en lost deze planmatig op",
                    "secondary_name": "",
                    "sources": {
                        "51cd42e9-89a6-4eea-86b1-15fd1ec5719b": {
                            "type": "manual_number",
                            "parameters": {}
                        }
                    },
                    "target": "100",
                    "near_target": "80"
                },
                "240bace0-28b8-474d-be9f-fd2301e81d2a": {
                    "type": "compliance",
                    "name": "M26: Het project laat de beveiliging van het ontwikkelde product periodiek beoordelen",
                    "secondary_name": "",
                    "sources": {
                        "eef7c3e4-f224-4257-b2f2-e628e6d4bc63": {
                            "type": "manual_number",
                            "parameters": {}
                        }
                    },
                    "target": "100",
                    "near_target": "80"
                }
            }
        },
        "490de7c9-d02a-4f0c-a766-bc11ea7416d6": {
            "type": "software",
            "name": "Processen",
            "metrics": {
                "5ec65495-9840-4729-b0ac-b4ebc15516fc": {
                    "type": "compliance",
                    "name": "M14: Het project bereidt samen met opdrachtgevende organisatie en betrokken partijen de realisatie voor",
                    "secondary_name": "",
                    "sources": {
                        "fe65681f-875d-43b4-a219-5453f7500d5d": {
                            "type": "manual_number",
                            "parameters": {}
                        }
                    },
                    "target": "100",
                    "near_target": "80"
                },
                "3b67a011-24ce-4a4a-b337-0afb1cb536cf": {
                    "type": "compliance",
                    "name": "M21: Het project selecteert medewerkers op basis van kwaliteit",
                    "secondary_name": "",
                    "sources": {
                        "b948c417-f4b8-4153-9009-1bd06d3d01b2": {
                            "type": "manual_number",
                            "parameters": {}
                        }
                    },
                    "target": "100",
                    "near_target": "80"
                },
                "2bd9310b-a2af-47a9-9540-3706ff131191": {
                    "type": "compliance",
                    "name": "M23: Het project zorgt voor de aanwezigheid van kennis van en ervaring met de Kwaliteitsaanpak",
                    "secondary_name": "",
                    "sources": {
                        "bb4a82b4-1220-4fc5-a50e-9664fc00c935": {
                            "type": "manual_number",
                            "parameters": {}
                        }
                    },
                    "target": "100",
                    "near_target": "80"
                },
                "a4aa6a71-8156-49bd-9063-468fcc725a4c": {
                    "type": "compliance",
                    "name": "M05: Het project hanteert een iteratief en incrementeel ontwikkelproces",
                    "secondary_name": "1. Scrumteam bestaand uit product owner, ontwikkelaars (zoals programmeurs, testers en ontwerpers) en Scrummaster",
                    "sources": {
                        "c42ec819-7797-4996-bdb6-129e93848277": {
                            "type": "manual_number",
                            "parameters": {}
                        }
                    },
                    "target": "100",
                    "near_target": "80"
                },
                "d99c59f1-5557-4a55-9387-7c11dd2335d4": {
                    "type": "compliance",
                    "name": "M05: Het project hanteert een iteratief en incrementeel ontwikkelproces",
                    "secondary_name": "2. Proces met daily scrum, sprints, sprint planning, sprint review, sprint retrospective en sprint refinement",
                    "sources": {
                        "79749dbc-7221-44cf-b38a-de49a1f76c55": {
                            "type": "manual_number",
                            "parameters": {}
                        }
                    },
                    "target": "100",
                    "near_target": "80"
                },
                "ead1fa6d-6114-4921-8f6c-bc32fbf90053": {
                    "type": "compliance",
                    "name": "M05: Het project hanteert een iteratief en incrementeel ontwikkelproces",
                    "secondary_name": "3. Definition of Ready en Definition of Done",
                    "sources": {
                        "94bdf058-fb0b-458b-adad-4bddc12b39d9": {
                            "type": "manual_number",
                            "parameters": {}
                        }
                    },
                    "target": "100",
                    "near_target": "80"
                },
                "6cb6757b-34c5-48b2-991f-1ffe9b43846f": {
                    "type": "compliance",
                    "name": "M05: Het project hanteert een iteratief en incrementeel ontwikkelproces",
                    "secondary_name": "4. Product backlog en sprint backlog",
                    "sources": {
                        "dca93887-ffd5-402a-967e-63dc21811583": {
                            "type": "manual_number",
                            "parameters": {}
                        }
                    },
                    "target": "100",
                    "near_target": "80"
                },
                "8a93561e-8e8e-4063-97b3-8c4fefa65fe6": {
                    "type": "compliance",
                    "name": "M35: Het project hanteert een agile architectuuraanpak",
                    "secondary_name": "",
                    "sources": {
                        "6a405bfd-cd59-4c96-b3c0-19f881a7484a": {
                            "type": "manual_number",
                            "parameters": {}
                        }
                    },
                    "target": "100",
                    "near_target": "80"
                },
                "96b81bf8-287d-4f1c-9bb9-126c5251183f": {
                    "type": "compliance",
                    "name": "M10: Het project kent een wekelijks projectoverleg",
                    "secondary_name": "",
                    "sources": {
                        "a056d195-e4c9-47cf-8438-8a94415f55b9": {
                            "type": "manual_number",
                            "parameters": {}
                        }
                    },
                    "target": "100",
                    "near_target": "80"
                },
                "38083b45-c51c-4805-a467-3f07162ae738": {
                    "type": "compliance",
                    "name": "M28: Het project voert periodiek een self-assessment uit tegen de actuele versie van de Kwaliteitsaanpak",
                    "secondary_name": "",
                    "sources": {
                        "d2a3a8f9-e629-4418-bac0-57a8e86fba03": {
                            "type": "manual_number",
                            "parameters": {}
                        }
                    },
                    "target": "100",
                    "near_target": "80"
                },
                "80953c4c-4bb1-4120-99b0-02aeb6338a6e": {
                    "type": "compliance",
                    "name": "M30: Het project identificeert, mitigeert en bewaakt risico's",
                    "secondary_name": "",
                    "sources": {
                        "523b2e05-1247-4604-af1d-5831f214727d": {
                            "type": "manual_number",
                            "parameters": {}
                        }
                    },
                    "target": "100",
                    "near_target": "80"
                },
                "ae5faf4f-9b99-430a-9e60-276e08dd1caf": {
                    "type": "compliance",
                    "name": "M34: Het project draagt software beheerst over",
                    "secondary_name": "1. De documentatie beschrijft de ontwikkel- en testomgeving die is toegepast",
                    "sources": {
                        "d426174d-ad3f-4acf-8394-afa737f3e6bb": {
                            "type": "manual_number",
                            "parameters": {}
                        }
                    },
                    "target": "100",
                    "near_target": "80"
                },
                "64c16f20-4d8d-45fc-b0b8-2ddf90f33ccf": {
                    "type": "compliance",
                    "name": "M34: Het project draagt software beheerst over",
                    "secondary_name": "2. De functionele documentatie beschrijft gegevensmodellen, functionele indeling, koppelingen, berichtdefinities en workflows/processen",
                    "sources": {
                        "b05feb72-8cbf-46cd-9733-c946c107b6b8": {
                            "type": "manual_number",
                            "parameters": {}
                        }
                    },
                    "target": "100",
                    "near_target": "80"
                },
                "c176ee08-ec02-4ba2-b9ca-10fe35a2d6ce": {
                    "type": "compliance",
                    "name": "M34: Het project draagt software beheerst over",
                    "secondary_name": "3. Als operationeel beheer onderdeel was van de dienstverlening: de operationele bedieningsinstructies beschrijven minimaal back-up/recovery, procedures bij calamiteiten, regelmatig terugkerende beheeractiviteiten en opstart- en afsluitprocedures",
                    "sources": {
                        "7f14c570-bf1c-4f42-8e0a-d81fda32a5f6": {
                            "type": "manual_number",
                            "parameters": {}
                        }
                    },
                    "target": "100",
                    "near_target": "80"
                },
                "3054b2fe-5d22-453d-9ee2-2474a5dc948d": {
                    "type": "compliance",
                    "name": "M34: Het project draagt software beheerst over",
                    "secondary_name": "4. De product backlog bevat de bekende bugs en wensen",
                    "sources": {
                        "f54b6fd3-fdc3-4bf1-95e3-32817285189b": {
                            "type": "manual_number",
                            "parameters": {}
                        }
                    },
                    "target": "100",
                    "near_target": "80"
                },
                "a2d04d2d-66b5-4aaa-aaef-e5a8edfd21da": {
                    "type": "compliance",
                    "name": "M34: Het project draagt software beheerst over",
                    "secondary_name": "5. De broncode kent een gezonde balans tussen isolatie, cohesie en koppeling",
                    "sources": {
                        "983e7b3d-3f40-46e6-b852-ae27e8a3ac04": {
                            "type": "manual_number",
                            "parameters": {}
                        }
                    },
                    "target": "100",
                    "near_target": "80"
                },
                "10d953f8-905b-4c42-a30d-3b1ac5ba6f69": {
                    "type": "compliance",
                    "name": "M34: Het project draagt software beheerst over",
                    "secondary_name": "6. De broncode heeft een beperkte mate van duplicatie",
                    "sources": {
                        "052963d3-e412-4cdf-8112-7f5c37a2901b": {
                            "type": "manual_number",
                            "parameters": {}
                        }
                    },
                    "target": "100",
                    "near_target": "80"
                },
                "631f7bf2-703d-493f-9d41-ac97a67ffbb2": {
                    "type": "compliance",
                    "name": "M34: Het project draagt software beheerst over",
                    "secondary_name": "7. De broncode heeft een beperkte mate van complexiteit",
                    "sources": {
                        "3dd410ea-3443-4169-a05a-16f358134a89": {
                            "type": "manual_number",
                            "parameters": {}
                        }
                    },
                    "target": "100",
                    "near_target": "80"
                },
                "5d9db536-b2f8-4f2a-8d70-b8c67dcb4375": {
                    "type": "compliance",
                    "name": "M34: Het project draagt software beheerst over",
                    "secondary_name": "8. De broncode bevat geen of een beperkt aantal niet-afgeronde werkzaamheden (\"todo's\")",
                    "sources": {
                        "e6abe383-21c3-4f6c-957e-86e1e6d0eb61": {
                            "type": "manual_number",
                            "parameters": {}
                        }
                    },
                    "target": "100",
                    "near_target": "80"
                },
                "1b9274ea-2686-4107-9014-95f15706053c": {
                    "type": "compliance",
                    "name": "M34: Het project draagt software beheerst over",
                    "secondary_name": "9. De tests raken een voldoende groot deel van de broncode",
                    "sources": {
                        "682d0487-8e89-466c-b124-9a45285cf82b": {
                            "type": "manual_number",
                            "parameters": {}
                        }
                    },
                    "target": "100",
                    "near_target": "80"
                },
                "6c5b31c9-a41d-4ed5-a7f2-94a877828b41": {
                    "type": "compliance",
                    "name": "M34: Het project draagt software beheerst over",
                    "secondary_name": "10. De tests raken een voldoende groot deel van de functionaliteit (functionele dekking)",
                    "sources": {
                        "79078d51-6c5a-4b32-a6df-b803a737f7bd": {
                            "type": "manual_number",
                            "parameters": {}
                        }
                    },
                    "target": "100",
                    "near_target": "80"
                },
                "763d9065-1cfb-44d7-af0f-ecdd89414f3e": {
                    "type": "compliance",
                    "name": "M34: Het project draagt software beheerst over",
                    "secondary_name": "11. De onderkende productrisico's zijn gedekt",
                    "sources": {
                        "4a77b0c9-70ce-440a-9c1f-65d4e1f96dff": {
                            "type": "manual_number",
                            "parameters": {}
                        }
                    },
                    "target": "100",
                    "near_target": "80"
                },
                "bba44c28-819e-46e9-ba76-53c87744309a": {
                    "type": "compliance",
                    "name": "M34: Het project draagt software beheerst over",
                    "secondary_name": "12. Er is een regressietest beschikbaar",
                    "sources": {
                        "4d2774ee-a0eb-4296-a753-5e081fa247f6": {
                            "type": "manual_number",
                            "parameters": {}
                        }
                    },
                    "target": "100",
                    "near_target": "80"
                },
                "ee994436-6fbf-4ed2-bfbc-1c0482749339": {
                    "type": "compliance",
                    "name": "M34: Het project draagt software beheerst over",
                    "secondary_name": "13. Er is traceerbaarheid van eisen naar testgevallen",
                    "sources": {
                        "76a47c28-27de-43ba-bbf8-9862d29b6b71": {
                            "type": "manual_number",
                            "parameters": {}
                        }
                    },
                    "target": "100",
                    "near_target": "80"
                },
                "c6c58134-bf02-4df7-bb64-4a026b89487a": {
                    "type": "compliance",
                    "name": "M34: Het project draagt software beheerst over",
                    "secondary_name": "14. De testset is goed opgebouwd",
                    "sources": {
                        "a38f44a2-57e5-46aa-83fd-ca2dc9052eb3": {
                            "type": "manual_number",
                            "parameters": {}
                        }
                    },
                    "target": "100",
                    "near_target": "80"
                },
                "f5647ff4-d2af-494c-ad97-ae3e22a0e782": {
                    "type": "compliance",
                    "name": "M27: Het project sluit projectfasen en zichzelf expliciet af",
                    "secondary_name": "",
                    "sources": {
                        "7bc9382d-fa7f-4cc0-be24-e1885b05bceb": {
                            "type": "manual_number",
                            "parameters": {}
                        }
                    },
                    "target": "100",
                    "near_target": "80"
                }
            }
        },
        "7bdadbf1-8bbf-469b-b566-dd73314e3405": {
            "type": "software",
            "name": "Organisatie",
            "metrics": {
                "29146fa8-7f4f-4583-91f9-755d47c096af": {
                    "type": "compliance",
                    "name": "M29: ICTU organiseert voor aanvang van een project de interne dienstverlening",
                    "secondary_name": "",
                    "sources": {
                        "dca67ea6-9dda-45a1-a8ee-aa86404b0fa1": {
                            "type": "manual_number",
                            "parameters": {}
                        }
                    },
                    "target": "100",
                    "near_target": "80"
                },
                "0dd77ca2-218f-4830-9d99-689bbebdc365": {
                    "type": "compliance",
                    "name": "M19: ICTU biedt projecten een afgeschermde digitale omgeving",
                    "secondary_name": "",
                    "sources": {
                        "4bcadfe7-6a6f-4d76-b4c1-8a4178153968": {
                            "type": "manual_number",
                            "parameters": {}
                        }
                    },
                    "target": "100",
                    "near_target": "80"
                },
                "8cc52f5f-8abc-47f2-9ebd-edd2a5ca7c3a": {
                    "type": "compliance",
                    "name": "M18: ICTU biedt ondersteuning voor verplicht gestelde tools",
                    "secondary_name": "",
                    "sources": {
                        "3a7942f0-a65b-4c61-86dd-0d5de85c2efa": {
                            "type": "manual_number",
                            "parameters": {}
                        }
                    },
                    "target": "100",
                    "near_target": "80"
                },
                "83c7ec52-cb50-4974-9106-5a91c119c01d": {
                    "type": "compliance",
                    "name": "M11: ICTU beheert, onderhoudt en implementeert de Kwaliteitsaanpak en kwaliteitsnormen",
                    "secondary_name": "",
                    "sources": {
                        "6e1f21ab-42ee-4066-94f7-b3f98392bf38": {
                            "type": "manual_number",
                            "parameters": {}
                        }
                    },
                    "target": "100",
                    "near_target": "80"
                },
                "d1bbf6fe-2cb0-4617-aee8-98d2c971882c": {
                    "type": "compliance",
                    "name": "M12: ICTU publiceert nieuwe versies van de Kwaliteitsaanpak en normen periodiek en op een vaste locatie",
                    "secondary_name": "",
                    "sources": {
                        "bcff5472-66ce-4a04-a185-2f4fd3e863bd": {
                            "type": "manual_number",
                            "parameters": {}
                        }
                    },
                    "target": "100",
                    "near_target": "80"
                },
                "a27527c2-88c2-4063-b74c-0f44ef27c299": {
                    "type": "compliance",
                    "name": "M33: ICTU organiseert periodiek een gezamenlijke self-assessment ten aanzien van de Kwaliteitsaanpak",
                    "secondary_name": "",
                    "sources": {
                        "7d400d84-9a08-4840-a118-44d02a7831b5": {
                            "type": "manual_number",
                            "parameters": {}
                        }
                    },
                    "target": "100",
                    "near_target": "80"
                }
            }
        }
    },
    "title": "ICTU Kwaliteitsaanpak Softwareontwikkeling versie wip",
    "subtitle": "Checklist",
    "report_uuid": "ictu_ka_checklist_wip"
}