{
    "subjects": {
        "2105a5c5-3cba-4dd2-a7c8-63ef48690202": {
            "type": "software",
            "name": "Producten",
            "metrics": {
                "8e78592c-cf4a-4224-9b3c-310fdb8184c4": {
                    "type": "compliance",
                    "name": "M01: Het project ontvangt en levert in elke fase vastgestelde producten en informatie",
                    "secondary_name": "1. Business impact analyse",
                    "sources": {
                        "8317fb41-4e28-467d-9d2d-8f1c7e7f7b25": {
                            "type": "manual_number",
                            "parameters": {}
                        }
                    },
                    "target": "100",
                    "near_target": "80"
                },
                "1a1b11ec-2b96-4437-8a8a-9d207f5f96b7": {
                    "type": "compliance",
                    "name": "M01: Het project ontvangt en levert in elke fase vastgestelde producten en informatie",
                    "secondary_name": "2. Data protection impact assessment",
                    "sources": {
                        "7f50e6a5-582d-478c-bc03-b89846199b5e": {
                            "type": "manual_number",
                            "parameters": {}
                        }
                    },
                    "target": "100",
                    "near_target": "80"
                },
                "27ab2650-c870-45d5-88fe-bedc66752d75": {
                    "type": "compliance",
                    "name": "M01: Het project ontvangt en levert in elke fase vastgestelde producten en informatie",
                    "secondary_name": "3. Impact assessment mensenrechten en algoritmes",
                    "sources": {
                        "c5a07898-6f83-444a-8abc-fd8f94954697": {
                            "type": "manual_number",
                            "parameters": {}
                        }
                    },
                    "target": "100",
                    "near_target": "80"
                },
                "230eaf4b-7712-405a-9981-014f7e54ea9e": {
                    "type": "compliance",
                    "name": "M01: Het project ontvangt en levert in elke fase vastgestelde producten en informatie",
                    "secondary_name": "4. Projectstartarchitectuur en solution architectuur ",
                    "sources": {
                        "69f0ff5f-1001-4a73-a388-02772afbf6c3": {
                            "type": "manual_number",
                            "parameters": {}
                        }
                    },
                    "target": "100",
                    "near_target": "80"
                },
                "769a9147-97d7-4694-b652-8d6af7b8a2eb": {
                    "type": "compliance",
                    "name": "M01: Het project ontvangt en levert in elke fase vastgestelde producten en informatie",
                    "secondary_name": "5. Afspraken met de beheerorganisatie ",
                    "sources": {
                        "1143fa3c-1805-40be-939e-66565efd5203": {
                            "type": "manual_number",
                            "parameters": {}
                        }
                    },
                    "target": "100",
                    "near_target": "80"
                },
                "f4bee6fe-ee33-47f2-b363-d3158e0cf245": {
                    "type": "compliance",
                    "name": "M01: Het project ontvangt en levert in elke fase vastgestelde producten en informatie",
                    "secondary_name": "6. Plan van aanpak: voorfase ",
                    "sources": {
                        "d20cabfc-633f-4734-8efe-390d576df2c3": {
                            "type": "manual_number",
                            "parameters": {}
                        }
                    },
                    "target": "100",
                    "near_target": "80"
                },
                "9870828b-24ed-489c-b3ca-a8104a07cff7": {
                    "type": "compliance",
                    "name": "M01: Het project ontvangt en levert in elke fase vastgestelde producten en informatie",
                    "secondary_name": "7. Beschrijving van functionele eisen ",
                    "sources": {
                        "3ac7f39f-d4d2-496c-8666-8de15230d587": {
                            "type": "manual_number",
                            "parameters": {}
                        }
                    },
                    "target": "100",
                    "near_target": "80"
                },
                "e4382abe-97e1-481c-b6bb-908adf359d8c": {
                    "type": "compliance",
                    "name": "M01: Het project ontvangt en levert in elke fase vastgestelde producten en informatie",
                    "secondary_name": "8. Beschrijving van niet-functionele eisen ",
                    "sources": {
                        "67090b70-15a4-4101-9d1d-ef66093f23c1": {
                            "type": "manual_number",
                            "parameters": {}
                        }
                    },
                    "target": "100",
                    "near_target": "80"
                },
                "f09120a0-ebbc-477b-ba48-b3152244566e": {
                    "type": "compliance",
                    "name": "M01: Het project ontvangt en levert in elke fase vastgestelde producten en informatie",
                    "secondary_name": "9. Product backlog",
                    "sources": {
                        "d3c56444-fe98-43e9-a379-12619eca3cdb": {
                            "type": "manual_number",
                            "parameters": {}
                        }
                    },
                    "target": "100",
                    "near_target": "80"
                },
                "899f8f05-960d-4e09-927c-9dd7d734940a": {
                    "type": "compliance",
                    "name": "M01: Het project ontvangt en levert in elke fase vastgestelde producten en informatie",
                    "secondary_name": "10. Ontwerp- en architectuurdocumentatie",
                    "sources": {
                        "0782875b-5fe8-44b0-ab23-175c4a5a4583": {
                            "type": "manual_number",
                            "parameters": {}
                        }
                    },
                    "target": "100",
                    "near_target": "80"
                },
                "292fe89c-876a-4f35-ae1b-36ccbb07209a": {
                    "type": "compliance",
                    "name": "M01: Het project ontvangt en levert in elke fase vastgestelde producten en informatie",
                    "secondary_name": "11. Mastertestplan",
                    "sources": {
                        "2f983bb4-7d8d-439f-83af-2450c86dbc32": {
                            "type": "manual_number",
                            "parameters": {}
                        }
                    },
                    "target": "100",
                    "near_target": "80"
                },
                "a62badad-c700-4c3f-a2fd-7e7fcae84be1": {
                    "type": "compliance",
                    "name": "M01: Het project ontvangt en levert in elke fase vastgestelde producten en informatie",
                    "secondary_name": "12. Detailtestplannen",
                    "sources": {
                        "098caeae-c9fc-49a0-a572-4f1598612d1f": {
                            "type": "manual_number",
                            "parameters": {}
                        }
                    },
                    "target": "100",
                    "near_target": "80"
                },
                "12ad1213-7514-42e9-9f95-35eb989fd46e": {
                    "type": "compliance",
                    "name": "M01: Het project ontvangt en levert in elke fase vastgestelde producten en informatie",
                    "secondary_name": "13. Informatiebeveiligingsplan",
                    "sources": {
                        "652f08c6-a047-411d-bc90-60f76d0dc20e": {
                            "type": "manual_number",
                            "parameters": {}
                        }
                    },
                    "target": "100",
                    "near_target": "80"
                },
                "de402d78-d5b1-4a12-af10-19bbe3fc189d": {
                    "type": "compliance",
                    "name": "M01: Het project ontvangt en levert in elke fase vastgestelde producten en informatie",
                    "secondary_name": "14. Kwaliteitsplan",
                    "sources": {
                        "1c8124c6-2fd2-4785-be21-72f1e2b26fe9": {
                            "type": "manual_number",
                            "parameters": {}
                        }
                    },
                    "target": "100",
                    "near_target": "80"
                },
                "18922fb5-544c-48e3-9605-6480b7bf3952": {
                    "type": "compliance",
                    "name": "M01: Het project ontvangt en levert in elke fase vastgestelde producten en informatie",
                    "secondary_name": "15. Plan van aanpak: realisatiefase",
                    "sources": {
                        "f0eac321-1538-4324-ba10-35f26a9bbe30": {
                            "type": "manual_number",
                            "parameters": {}
                        }
                    },
                    "target": "100",
                    "near_target": "80"
                },
                "e3c5772d-7018-4ae4-95c2-8fb859012646": {
                    "type": "compliance",
                    "name": "M01: Het project ontvangt en levert in elke fase vastgestelde producten en informatie",
                    "secondary_name": "16. Deploybare versie van de software",
                    "sources": {
                        "77e37083-9f5d-40ac-9355-881920c09099": {
                            "type": "manual_number",
                            "parameters": {}
                        }
                    },
                    "target": "100",
                    "near_target": "80"
                },
                "1754bf19-6145-4135-953b-16f8eb539d69": {
                    "type": "compliance",
                    "name": "M01: Het project ontvangt en levert in elke fase vastgestelde producten en informatie",
                    "secondary_name": "17. Testrapportages",
                    "sources": {
                        "fd98a204-f42c-4617-9801-beb422a72f8e": {
                            "type": "manual_number",
                            "parameters": {}
                        }
                    },
                    "target": "100",
                    "near_target": "80"
                },
                "f84d6000-3ea5-488f-a574-5fc3c5d52cfd": {
                    "type": "compliance",
                    "name": "M01: Het project ontvangt en levert in elke fase vastgestelde producten en informatie",
                    "secondary_name": "18. Documentatie voor deployment en operationeel beheer",
                    "sources": {
                        "21d080e5-1b05-46a4-b8fd-7320d16f91d9": {
                            "type": "manual_number",
                            "parameters": {}
                        }
                    },
                    "target": "100",
                    "near_target": "80"
                },
                "4e687070-5dc5-4eec-956e-f3efc1efd00f": {
                    "type": "compliance",
                    "name": "M01: Het project ontvangt en levert in elke fase vastgestelde producten en informatie",
                    "secondary_name": "19. Software bill of materials",
                    "sources": {
                        "97760ef0-586d-4aa1-885c-175cebddb074": {
                            "type": "manual_number",
                            "parameters": {}
                        }
                    },
                    "target": "100",
                    "near_target": "80"
                },
                "a9d6acb9-579e-4b2e-ad9f-d967962d461f": {
                    "type": "compliance",
                    "name": "M01: Het project ontvangt en levert in elke fase vastgestelde producten en informatie",
                    "secondary_name": "20. Release notes",
                    "sources": {
                        "cf3f7b85-6440-40d7-bec3-4629e0208ea2": {
                            "type": "manual_number",
                            "parameters": {}
                        }
                    },
                    "target": "100",
                    "near_target": "80"
                },
                "fc0c563f-357d-4383-af1c-69f28a67f76c": {
                    "type": "compliance",
                    "name": "M01: Het project ontvangt en levert in elke fase vastgestelde producten en informatie",
                    "secondary_name": "21. Vrijgaveadvies",
                    "sources": {
                        "5be7f97f-1600-45b9-8ff0-0034d8ebbffe": {
                            "type": "manual_number",
                            "parameters": {}
                        }
                    },
                    "target": "100",
                    "near_target": "80"
                },
                "3fa52ad0-5e95-44d8-8ba6-e963b7caa441": {
                    "type": "compliance",
                    "name": "M32: Het project onderzoekt de kwaliteit van over te nemen software",
                    "secondary_name": "1. Een rapportage met tenminste de bevindingen, risico's voor opdrachtgevende organisatie en ICTU, en mitigerende maatregelen",
                    "sources": {
                        "754eba81-3c49-4d33-a835-aafb698ea644": {
                            "type": "manual_number",
                            "parameters": {}
                        }
                    },
                    "target": "100",
                    "near_target": "80"
                },
                "5a32f73b-73f3-437f-8605-3085d8fff719": {
                    "type": "compliance",
                    "name": "M32: Het project onderzoekt de kwaliteit van over te nemen software",
                    "secondary_name": "2. Een transitieplan dat de activiteiten beschrijft die nodig zijn om de software af te bouwen of te herbouwen en te onderhouden",
                    "sources": {
                        "324d5de4-0348-4818-a4b4-03d63aa92aeb": {
                            "type": "manual_number",
                            "parameters": {}
                        }
                    },
                    "target": "100",
                    "near_target": "80"
                },
                "88f34d63-a8de-4cac-a34b-ec868d165a56": {
                    "type": "compliance",
                    "name": "M32: Het project onderzoekt de kwaliteit van over te nemen software",
                    "secondary_name": "3. Als er significante technische schuld aanwezig is in de bestaande software: een plan voor het aflossen van deze schuld",
                    "sources": {
                        "7b5976b9-415d-4f4c-89f3-c1aa9fc0ac4f": {
                            "type": "manual_number",
                            "parameters": {}
                        }
                    },
                    "target": "100",
                    "near_target": "80"
                },
                "484bd4b1-69e9-41b6-b625-89fd6a983547": {
                    "type": "compliance",
                    "name": "M02: Het project bewaakt continu dat het product aan de kwaliteitsnormen voldoet",
                    "secondary_name": "1. Tijdens de voorfase: het project reviewt de deliverables periodiek",
                    "sources": {
                        "f448a8a1-f270-43d3-8b88-da042e33954f": {
                            "type": "manual_number",
                            "parameters": {}
                        }
                    },
                    "target": "100",
                    "near_target": "80"
                },
                "cfd09727-af37-48cf-b4ac-0ed3abd48729": {
                    "type": "compliance",
                    "name": "M02: Het project bewaakt continu dat het product aan de kwaliteitsnormen voldoet",
                    "secondary_name": "2. Tijdens de realisatiefase: het project bewaakt op dagelijkse basis en geautomatiseerd de kwaliteit van de software",
                    "sources": {
                        "a4eecf50-1430-47c9-ad0d-4e11948b130f": {
                            "type": "manual_number",
                            "parameters": {}
                        }
                    },
                    "target": "100",
                    "near_target": "80"
                },
                "c0cb4929-db91-467f-80a7-f76d31c9d64e": {
                    "type": "compliance",
                    "name": "M02: Het project bewaakt continu dat het product aan de kwaliteitsnormen voldoet",
                    "secondary_name": "3. Als operationeel beheer onderdeel is van de dienstverlening tijdens de realisatiefase: het project bewaakt op dagelijkse basis en geautomatiseerd het gedrag van de software in gebruik en beheer",
                    "sources": {
                        "aa6d5e97-8f2d-4e59-ad64-066a37ba52c9": {
                            "type": "manual_number",
                            "parameters": {}
                        }
                    },
                    "target": "100",
                    "near_target": "80"
                },
                "7662ceb7-832a-4354-9f93-a13b25cc2932": {
                    "type": "compliance",
                    "name": "M02: Het project bewaakt continu dat het product aan de kwaliteitsnormen voldoet",
                    "secondary_name": "4. Tijdens de realisatiefase: het project evalueert periodiek en handmatig de kwaliteitseigenschappen van de software die niet geautomatiseerd kunnen worden gemeten",
                    "sources": {
                        "c9afa542-f4ad-400f-8220-82ee6ee413d2": {
                            "type": "manual_number",
                            "parameters": {}
                        }
                    },
                    "target": "100",
                    "near_target": "80"
                },
                "4138d1cd-5865-4c6d-9f9d-5b8856d9d7e7": {
                    "type": "compliance",
                    "name": "M02: Het project bewaakt continu dat het product aan de kwaliteitsnormen voldoet",
                    "secondary_name": "5. Tijdens de realisatiefase: het project actualiseert en reviewt periodiek de documentatie",
                    "sources": {
                        "35944540-f2f7-4c7d-9dfe-b79c5de06538": {
                            "type": "manual_number",
                            "parameters": {}
                        }
                    },
                    "target": "100",
                    "near_target": "80"
                },
                "ac04a56b-d37b-4b13-b47b-2fece11b4d0d": {
                    "type": "compliance",
                    "name": "M02: Het project bewaakt continu dat het product aan de kwaliteitsnormen voldoet",
                    "secondary_name": "6. Indien nodig: de kwaliteitsmanager escaleert het langdurig niet halen van de kwaliteitsnormen",
                    "sources": {
                        "adce72d2-c267-404d-a2c9-5b2a043ed28f": {
                            "type": "manual_number",
                            "parameters": {}
                        }
                    },
                    "target": "100",
                    "near_target": "80"
                },
                "3e2dca85-548e-4cbc-a013-9d95e221bdc1": {
                    "type": "compliance",
                    "name": "M03: Het project zorgt dat het product traceerbaar aan eisen voldoet",
                    "secondary_name": "",
                    "sources": {
                        "c0588c70-ad7b-4e29-b94d-6ef18d2a8ae3": {
                            "type": "manual_number",
                            "parameters": {}
                        }
                    },
                    "target": "100",
                    "near_target": "80"
                },
                "197fbde9-2da8-4e6d-afaf-198425b80a42": {
                    "type": "compliance",
                    "name": "M04: Het project borgt de correcte werking van het product met geautomatiseerde regressietests",
                    "secondary_name": "",
                    "sources": {
                        "d787e032-b391-4fd8-b571-5867b8346b7e": {
                            "type": "manual_number",
                            "parameters": {}
                        }
                    },
                    "target": "100",
                    "near_target": "80"
                },
                "22606c91-2f56-4e1b-a1c6-edfea5f59b59": {
                    "type": "compliance",
                    "name": "M07: Het project gebruikt een continuous delivery pipeline om het product te bouwen, testen en op te leveren",
                    "secondary_name": "1. Bouw van de software",
                    "sources": {
                        "3037ecf3-a6b0-44f1-b59f-3570711a86fb": {
                            "type": "manual_number",
                            "parameters": {}
                        }
                    },
                    "target": "100",
                    "near_target": "80"
                },
                "b3f2852b-d2ef-4042-9ae9-e159a0739764": {
                    "type": "compliance",
                    "name": "M07: Het project gebruikt een continuous delivery pipeline om het product te bouwen, testen en op te leveren",
                    "secondary_name": "2. Unit tests",
                    "sources": {
                        "7ab443e7-b4a0-413b-8dac-03e20515de50": {
                            "type": "manual_number",
                            "parameters": {}
                        }
                    },
                    "target": "100",
                    "near_target": "80"
                },
                "ef377707-9793-424b-99d5-1d28350d35bf": {
                    "type": "compliance",
                    "name": "M07: Het project gebruikt een continuous delivery pipeline om het product te bouwen, testen en op te leveren",
                    "secondary_name": "3. Regressietests",
                    "sources": {
                        "30ee5a98-e2bf-4c53-acfe-9d911215f24f": {
                            "type": "manual_number",
                            "parameters": {}
                        }
                    },
                    "target": "100",
                    "near_target": "80"
                },
                "972b1a71-ab4e-4d14-98c5-12e6f8809226": {
                    "type": "compliance",
                    "name": "M07: Het project gebruikt een continuous delivery pipeline om het product te bouwen, testen en op te leveren",
                    "secondary_name": "4. Beveiligingstests",
                    "sources": {
                        "cd57bcac-6e2f-42af-9688-b0a12422f728": {
                            "type": "manual_number",
                            "parameters": {}
                        }
                    },
                    "target": "100",
                    "near_target": "80"
                },
                "6534cb2d-20a9-499e-9ef8-551210d5a678": {
                    "type": "compliance",
                    "name": "M07: Het project gebruikt een continuous delivery pipeline om het product te bouwen, testen en op te leveren",
                    "secondary_name": "5. Performancetests",
                    "sources": {
                        "9d4829d1-40fa-47d3-b518-5577e2ecc367": {
                            "type": "manual_number",
                            "parameters": {}
                        }
                    },
                    "target": "100",
                    "near_target": "80"
                },
                "a5c0b7f1-4ab4-4bd2-93da-603559668fa6": {
                    "type": "compliance",
                    "name": "M07: Het project gebruikt een continuous delivery pipeline om het product te bouwen, testen en op te leveren",
                    "secondary_name": "6. Toegankelijkheidstests",
                    "sources": {
                        "7b7f3c3c-b15e-4e58-aad3-30c5a5c2eadb": {
                            "type": "manual_number",
                            "parameters": {}
                        }
                    },
                    "target": "100",
                    "near_target": "80"
                },
                "f27a3c1a-2c90-4999-8634-2e63d144811f": {
                    "type": "compliance",
                    "name": "M07: Het project gebruikt een continuous delivery pipeline om het product te bouwen, testen en op te leveren",
                    "secondary_name": "7. Broncodekwaliteitscontroles",
                    "sources": {
                        "af90936f-cb79-4888-ba34-7b8c86a3f6bf": {
                            "type": "manual_number",
                            "parameters": {}
                        }
                    },
                    "target": "100",
                    "near_target": "80"
                },
                "7ec49929-6e0a-4a35-a848-792f99ee9552": {
                    "type": "compliance",
                    "name": "M07: Het project gebruikt een continuous delivery pipeline om het product te bouwen, testen en op te leveren",
                    "secondary_name": "8. Installatie van de software in test, acceptatie en/of productieomgevingen",
                    "sources": {
                        "e6bdcfbf-ba11-4101-87a6-6ec0898d6d24": {
                            "type": "manual_number",
                            "parameters": {}
                        }
                    },
                    "target": "100",
                    "near_target": "80"
                },
                "119fe58d-3b35-48af-82ba-065a0f0f86d3": {
                    "type": "compliance",
                    "name": "M07: Het project gebruikt een continuous delivery pipeline om het product te bouwen, testen en op te leveren",
                    "secondary_name": "9. Oplevering van het totale product, dus inclusief alle deliverables, in de vorm zoals bruikbaar voor en afgesproken met de opdrachtgevende organisatie",
                    "sources": {
                        "902c6d29-c22c-4344-8eed-84fbdb82adce": {
                            "type": "manual_number",
                            "parameters": {}
                        }
                    },
                    "target": "100",
                    "near_target": "80"
                },
                "f14b4e9d-b411-47cf-a513-09f729e701e2": {
                    "type": "compliance",
                    "name": "M16: Het project gebruikt tools voor vastgestelde taken",
                    "secondary_name": "1. Product en sprint backlog management en agile werken",
                    "sources": {
                        "bb1d0f0d-a298-46fc-93db-6875017e30b2": {
                            "type": "manual_number",
                            "parameters": {}
                        }
                    },
                    "target": "100",
                    "near_target": "80"
                },
                "5ecd5776-5a10-44b5-b723-d320350b8460": {
                    "type": "compliance",
                    "name": "M16: Het project gebruikt tools voor vastgestelde taken",
                    "secondary_name": "2. Inrichten en uitvoeren van een continuous delivery pipeline",
                    "sources": {
                        "cfe308ed-b84d-4277-b963-2ba90087b36e": {
                            "type": "manual_number",
                            "parameters": {}
                        }
                    },
                    "target": "100",
                    "near_target": "80"
                },
                "561f6b52-966d-4f02-a085-f84676550b2e": {
                    "type": "compliance",
                    "name": "M16: Het project gebruikt tools voor vastgestelde taken",
                    "secondary_name": "3. Monitoren van de kwaliteit van broncode",
                    "sources": {
                        "96c72e99-a704-465a-a994-1c6220cdd73b": {
                            "type": "manual_number",
                            "parameters": {}
                        }
                    },
                    "target": "100",
                    "near_target": "80"
                },
                "651d8cba-fcdc-44f7-bc1e-237c10e7f12d": {
                    "type": "compliance",
                    "name": "M16: Het project gebruikt tools voor vastgestelde taken",
                    "secondary_name": "4. Versiebeheer van op te leveren producten",
                    "sources": {
                        "33542b38-98e2-442f-b776-10e67738e32b": {
                            "type": "manual_number",
                            "parameters": {}
                        }
                    },
                    "target": "100",
                    "near_target": "80"
                },
                "d6f975d7-82a0-4678-82fa-cfe5745e308e": {
                    "type": "compliance",
                    "name": "M16: Het project gebruikt tools voor vastgestelde taken",
                    "secondary_name": "5. Release van software",
                    "sources": {
                        "febaca59-a313-4045-b6c7-64bdd0a30639": {
                            "type": "manual_number",
                            "parameters": {}
                        }
                    },
                    "target": "100",
                    "near_target": "80"
                },
                "8f82c3f2-cc5a-4136-b64d-b2a254716752": {
                    "type": "compliance",
                    "name": "M16: Het project gebruikt tools voor vastgestelde taken",
                    "secondary_name": "6. Maken van testrapportages",
                    "sources": {
                        "989db3b1-e2ed-435e-8150-e9705ed786aa": {
                            "type": "manual_number",
                            "parameters": {}
                        }
                    },
                    "target": "100",
                    "near_target": "80"
                },
                "e8881460-1e08-49e7-b662-339de0160e8f": {
                    "type": "compliance",
                    "name": "M16: Het project gebruikt tools voor vastgestelde taken",
                    "secondary_name": "7. Maken van kwaliteitsrapportages",
                    "sources": {
                        "27914d6c-3014-4626-8262-222fa573444a": {
                            "type": "manual_number",
                            "parameters": {}
                        }
                    },
                    "target": "100",
                    "near_target": "80"
                },
                "76576569-6ba5-4d05-b947-e2bd06a328dd": {
                    "type": "compliance",
                    "name": "M16: Het project gebruikt tools voor vastgestelde taken",
                    "secondary_name": "8. Controleren op aanwezigheid van bekende kwetsbaarheden in externe software",
                    "sources": {
                        "378edf09-471c-49d6-8d7f-0104f94c5b0b": {
                            "type": "manual_number",
                            "parameters": {}
                        }
                    },
                    "target": "100",
                    "near_target": "80"
                },
                "9c2c5a36-db8b-4c4c-a665-3e37372b2175": {
                    "type": "compliance",
                    "name": "M16: Het project gebruikt tools voor vastgestelde taken",
                    "secondary_name": "9. Statische controle van de software op aanwezigheid van kwetsbare constructies",
                    "sources": {
                        "36e8a477-3809-46fb-9df5-f43574280d6a": {
                            "type": "manual_number",
                            "parameters": {}
                        }
                    },
                    "target": "100",
                    "near_target": "80"
                },
                "cc04bfa6-bd41-4c97-8d98-2cc62c8fb504": {
                    "type": "compliance",
                    "name": "M16: Het project gebruikt tools voor vastgestelde taken",
                    "secondary_name": "10. Dynamische controle van de software op aanwezigheid van kwetsbare constructies",
                    "sources": {
                        "6b67315e-3ebf-4386-8e1e-090bc00337fe": {
                            "type": "manual_number",
                            "parameters": {}
                        }
                    },
                    "target": "100",
                    "near_target": "80"
                },
                "f338fa26-4ecf-4555-95fa-03b5484e7c5e": {
                    "type": "compliance",
                    "name": "M16: Het project gebruikt tools voor vastgestelde taken",
                    "secondary_name": "11. Controleren van container images op aanwezigheid van bekende kwetsbaarheden",
                    "sources": {
                        "c8616a81-5d79-4636-b9a2-50b2e1e71792": {
                            "type": "manual_number",
                            "parameters": {}
                        }
                    },
                    "target": "100",
                    "near_target": "80"
                },
                "a7177ea8-1790-4a26-b880-e4b4386c7b0e": {
                    "type": "compliance",
                    "name": "M16: Het project gebruikt tools voor vastgestelde taken",
                    "secondary_name": "12. Testen van performance en schaalbaarheid",
                    "sources": {
                        "9bf00f1f-0ce2-48c0-b918-4f8465424233": {
                            "type": "manual_number",
                            "parameters": {}
                        }
                    },
                    "target": "100",
                    "near_target": "80"
                },
                "0e5138c8-1e64-40f1-9def-b173bd5219b9": {
                    "type": "compliance",
                    "name": "M16: Het project gebruikt tools voor vastgestelde taken",
                    "secondary_name": "13. Testen op toegankelijkheid van de applicatie",
                    "sources": {
                        "a7fec982-5913-4c90-a799-d21f9ee9aac5": {
                            "type": "manual_number",
                            "parameters": {}
                        }
                    },
                    "target": "100",
                    "near_target": "80"
                },
                "253db02e-457a-4460-bbc7-bf1bc9799649": {
                    "type": "compliance",
                    "name": "M16: Het project gebruikt tools voor vastgestelde taken",
                    "secondary_name": "14. Produceren van een \"software bill of materials\" (SBoM)",
                    "sources": {
                        "3755b695-8f39-47dc-973f-1d9d93ca520b": {
                            "type": "manual_number",
                            "parameters": {}
                        }
                    },
                    "target": "100",
                    "near_target": "80"
                },
                "e0ad6e55-1f37-493e-a59f-aeaee1da776b": {
                    "type": "compliance",
                    "name": "M16: Het project gebruikt tools voor vastgestelde taken",
                    "secondary_name": "15. Opslaan van artifacten",
                    "sources": {
                        "38d59f6b-e98e-4452-af3f-d5fe2a18891f": {
                            "type": "manual_number",
                            "parameters": {}
                        }
                    },
                    "target": "100",
                    "near_target": "80"
                },
                "9dfed70b-d1b8-4cdf-9b37-a4510a7875c1": {
                    "type": "compliance",
                    "name": "M16: Het project gebruikt tools voor vastgestelde taken",
                    "secondary_name": "16. Registratie van incidenten bij gebruik en beheer",
                    "sources": {
                        "0cda6473-d8c6-4b07-a5ae-21320e63208d": {
                            "type": "manual_number",
                            "parameters": {}
                        }
                    },
                    "target": "100",
                    "near_target": "80"
                },
                "f323b8af-dde4-49f4-b99b-af9e2a252bc8": {
                    "type": "compliance",
                    "name": "M16: Het project gebruikt tools voor vastgestelde taken",
                    "secondary_name": "17. Bij het uitvoeren van operationeel beheer; uitrollen van de software in de productieomgeving",
                    "sources": {
                        "20ac8dcd-c869-41be-865a-6d65c63f1fec": {
                            "type": "manual_number",
                            "parameters": {}
                        }
                    },
                    "target": "100",
                    "near_target": "80"
                },
                "fa6f3a27-b86c-4db2-ae88-ee1f02585ca6": {
                    "type": "compliance",
                    "name": "M08: Het project maakt technische schuld inzichtelijk en lost deze planmatig op",
                    "secondary_name": "",
                    "sources": {
                        "36e26cab-7a16-4fa6-af31-0a54cd958992": {
                            "type": "manual_number",
                            "parameters": {}
                        }
                    },
                    "target": "100",
                    "near_target": "80"
                },
                "c11c3cb5-276a-43e8-b905-895a28e6526d": {
                    "type": "compliance",
                    "name": "M26: Het project laat de beveiliging van het ontwikkelde product periodiek beoordelen",
                    "secondary_name": "",
                    "sources": {
                        "e9a78bb3-d65a-4d95-9613-904e3ad87c73": {
                            "type": "manual_number",
                            "parameters": {}
                        }
                    },
                    "target": "100",
                    "near_target": "80"
                }
            }
        },
        "3621427e-44aa-479a-9494-2da1f71a61a2": {
            "type": "software",
            "name": "Processen",
            "metrics": {
                "e9a7fd1f-216c-4923-a30a-02def4748b4a": {
                    "type": "compliance",
                    "name": "M14: Het project bereidt samen met opdrachtgevende organisatie en betrokken partijen de realisatie voor",
                    "secondary_name": "",
                    "sources": {
                        "59468058-5c32-40f1-bd01-78f89c91b10c": {
                            "type": "manual_number",
                            "parameters": {}
                        }
                    },
                    "target": "100",
                    "near_target": "80"
                },
                "087ed165-995c-49b9-b87e-8b523f7f4973": {
                    "type": "compliance",
                    "name": "M21: Het project selecteert medewerkers op basis van kwaliteit",
                    "secondary_name": "",
                    "sources": {
                        "2c6ae344-5089-4a85-b029-74191b17028e": {
                            "type": "manual_number",
                            "parameters": {}
                        }
                    },
                    "target": "100",
                    "near_target": "80"
                },
                "26fabe9f-fd4c-4bdb-9f75-60c5f5738b2c": {
                    "type": "compliance",
                    "name": "M23: Het project zorgt voor de aanwezigheid van kennis van en ervaring met de Kwaliteitsaanpak",
                    "secondary_name": "",
                    "sources": {
                        "b44674fe-a137-4f61-82a8-e111e1543518": {
                            "type": "manual_number",
                            "parameters": {}
                        }
                    },
                    "target": "100",
                    "near_target": "80"
                },
                "9c565f23-e7c1-4180-b1b5-22af832b2840": {
                    "type": "compliance",
                    "name": "M05: Het project hanteert een iteratief en incrementeel ontwikkelproces",
                    "secondary_name": "1. Scrumteam bestaand uit product owner, ontwikkelaars (zoals programmeurs, testers en ontwerpers) en Scrummaster",
                    "sources": {
                        "629a7741-167f-44b2-980b-01d39d90a142": {
                            "type": "manual_number",
                            "parameters": {}
                        }
                    },
                    "target": "100",
                    "near_target": "80"
                },
                "30403787-59b2-45fd-843f-a2f1cb30ce35": {
                    "type": "compliance",
                    "name": "M05: Het project hanteert een iteratief en incrementeel ontwikkelproces",
                    "secondary_name": "2. Proces met daily scrum, sprints, sprint planning, sprint review, sprint retrospective en sprint refinement",
                    "sources": {
                        "b467a1d3-b59d-4e41-b4b8-c98c69f37c33": {
                            "type": "manual_number",
                            "parameters": {}
                        }
                    },
                    "target": "100",
                    "near_target": "80"
                },
                "de15bec8-4008-4a92-93ed-97e0c0b50664": {
                    "type": "compliance",
                    "name": "M05: Het project hanteert een iteratief en incrementeel ontwikkelproces",
                    "secondary_name": "3. Definition of Ready en Definition of Done",
                    "sources": {
                        "4671b707-4c72-44e5-9ab9-0abecd1b9f9f": {
                            "type": "manual_number",
                            "parameters": {}
                        }
                    },
                    "target": "100",
                    "near_target": "80"
                },
                "3851efa2-9907-40c8-b919-bafd3b7f495e": {
                    "type": "compliance",
                    "name": "M05: Het project hanteert een iteratief en incrementeel ontwikkelproces",
                    "secondary_name": "4. Product backlog en sprint backlog",
                    "sources": {
                        "f289d3e0-3827-4938-82df-a3885f2e84d7": {
                            "type": "manual_number",
                            "parameters": {}
                        }
                    },
                    "target": "100",
                    "near_target": "80"
                },
                "438106d5-81e6-494e-9007-6f0e2fbab403": {
                    "type": "compliance",
                    "name": "M35: Het project hanteert een agile architectuuraanpak",
                    "secondary_name": "",
                    "sources": {
                        "0a357893-5064-4974-9bca-2a0c68961886": {
                            "type": "manual_number",
                            "parameters": {}
                        }
                    },
                    "target": "100",
                    "near_target": "80"
                },
                "46cffc3f-60d7-454f-910f-5a1d196e07b1": {
                    "type": "compliance",
                    "name": "M10: Het project kent een wekelijks projectoverleg",
                    "secondary_name": "",
                    "sources": {
                        "dffe7ddc-72a7-4b16-b9a3-01c6537cc3b7": {
                            "type": "manual_number",
                            "parameters": {}
                        }
                    },
                    "target": "100",
                    "near_target": "80"
                },
                "7e6a486b-1c30-4806-9e40-c68ee1c8486a": {
                    "type": "compliance",
                    "name": "M28: Het project voert periodiek een self-assessment uit tegen de actuele versie van de Kwaliteitsaanpak",
                    "secondary_name": "",
                    "sources": {
                        "ee1fed8b-e960-4876-a2f8-07e27554923a": {
                            "type": "manual_number",
                            "parameters": {}
                        }
                    },
                    "target": "100",
                    "near_target": "80"
                },
                "a576f7bd-46c3-45c9-90ae-20572bbdd2b1": {
                    "type": "compliance",
                    "name": "M30: Het project identificeert, mitigeert en bewaakt risico's",
                    "secondary_name": "",
                    "sources": {
                        "f66b5188-9066-43e9-8b29-b9ca3fbf21cb": {
                            "type": "manual_number",
                            "parameters": {}
                        }
                    },
                    "target": "100",
                    "near_target": "80"
                },
                "032f8d14-1ae2-4059-8b9d-5813d1c484c9": {
                    "type": "compliance",
                    "name": "M34: Het project draagt software beheerst over",
                    "secondary_name": "1. De documentatie beschrijft de ontwikkel- en testomgeving die is toegepast",
                    "sources": {
                        "9af9b455-6495-455b-b1c0-3db6203ef7a8": {
                            "type": "manual_number",
                            "parameters": {}
                        }
                    },
                    "target": "100",
                    "near_target": "80"
                },
                "4d2fed55-56e0-43bd-8a75-36526bd30e24": {
                    "type": "compliance",
                    "name": "M34: Het project draagt software beheerst over",
                    "secondary_name": "2. De functionele documentatie beschrijft gegevensmodellen, functionele indeling, koppelingen, berichtdefinities en workflows/processen",
                    "sources": {
                        "e4ebb503-71d0-462b-8e3c-9fdad63e6cc3": {
                            "type": "manual_number",
                            "parameters": {}
                        }
                    },
                    "target": "100",
                    "near_target": "80"
                },
                "e682144a-c612-4f91-9cca-b2bcda9f3405": {
                    "type": "compliance",
                    "name": "M34: Het project draagt software beheerst over",
                    "secondary_name": "3. Als operationeel beheer onderdeel was van de dienstverlening: de operationele bedieningsinstructies beschrijven minimaal back-up/recovery, procedures bij calamiteiten, regelmatig terugkerende beheeractiviteiten en opstart- en afsluitprocedures",
                    "sources": {
                        "1853b845-3033-4722-955c-1e798298b954": {
                            "type": "manual_number",
                            "parameters": {}
                        }
                    },
                    "target": "100",
                    "near_target": "80"
                },
                "0b152b47-4af9-4b3b-a800-ecf6e2a4bb3d": {
                    "type": "compliance",
                    "name": "M34: Het project draagt software beheerst over",
                    "secondary_name": "4. De product backlog bevat de bekende bugs en wensen",
                    "sources": {
                        "b34afba2-7252-42d1-9ff1-6b6f94bf845f": {
                            "type": "manual_number",
                            "parameters": {}
                        }
                    },
                    "target": "100",
                    "near_target": "80"
                },
                "490e4b36-f20e-479d-9e6c-42d1979800d9": {
                    "type": "compliance",
                    "name": "M34: Het project draagt software beheerst over",
                    "secondary_name": "5. De broncode kent een gezonde balans tussen isolatie, cohesie en koppeling",
                    "sources": {
                        "2cd2d846-03dd-45f4-aa5a-d41dad17d737": {
                            "type": "manual_number",
                            "parameters": {}
                        }
                    },
                    "target": "100",
                    "near_target": "80"
                },
                "3385232f-7d9a-43e1-9b1a-57654a8d159a": {
                    "type": "compliance",
                    "name": "M34: Het project draagt software beheerst over",
                    "secondary_name": "6. De broncode heeft een beperkte mate van duplicatie",
                    "sources": {
                        "113d33df-cd5b-4770-ab77-a945f4ab4105": {
                            "type": "manual_number",
                            "parameters": {}
                        }
                    },
                    "target": "100",
                    "near_target": "80"
                },
                "ca5bb5f8-7395-4cc0-a947-181777c0d842": {
                    "type": "compliance",
                    "name": "M34: Het project draagt software beheerst over",
                    "secondary_name": "7. De broncode heeft een beperkte mate van complexiteit",
                    "sources": {
                        "d058ea52-46c7-4ea7-8c2c-d4ecbae70bc3": {
                            "type": "manual_number",
                            "parameters": {}
                        }
                    },
                    "target": "100",
                    "near_target": "80"
                },
                "2aad72b9-43b8-44bc-9226-0fbb8b575ebc": {
                    "type": "compliance",
                    "name": "M34: Het project draagt software beheerst over",
                    "secondary_name": "8. De broncode bevat geen of een beperkt aantal niet-afgeronde werkzaamheden (\"todo's\")",
                    "sources": {
                        "75e5c267-2697-42d0-9cc4-4a506fead961": {
                            "type": "manual_number",
                            "parameters": {}
                        }
                    },
                    "target": "100",
                    "near_target": "80"
                },
                "9dcbc24f-f71c-4830-b570-d5e6c43ccb97": {
                    "type": "compliance",
                    "name": "M34: Het project draagt software beheerst over",
                    "secondary_name": "9. De tests raken een voldoende groot deel van de broncode",
                    "sources": {
                        "2eda9623-ed87-4556-85a0-ccf18480d90b": {
                            "type": "manual_number",
                            "parameters": {}
                        }
                    },
                    "target": "100",
                    "near_target": "80"
                },
                "21ecc724-0bb3-4c2e-ab45-55be96e0cff3": {
                    "type": "compliance",
                    "name": "M34: Het project draagt software beheerst over",
                    "secondary_name": "10. De tests raken een voldoende groot deel van de functionaliteit (functionele dekking)",
                    "sources": {
                        "df98e8d7-a359-4203-8579-e8655635243e": {
                            "type": "manual_number",
                            "parameters": {}
                        }
                    },
                    "target": "100",
                    "near_target": "80"
                },
                "fc365bcd-70a3-41f8-abf0-6d1baa7d998c": {
                    "type": "compliance",
                    "name": "M34: Het project draagt software beheerst over",
                    "secondary_name": "11. De onderkende productrisico's zijn gedekt",
                    "sources": {
                        "688c6eff-363c-477d-9d8d-157a0066377e": {
                            "type": "manual_number",
                            "parameters": {}
                        }
                    },
                    "target": "100",
                    "near_target": "80"
                },
                "55bee2a5-c005-48a5-b94e-e1305899daf7": {
                    "type": "compliance",
                    "name": "M34: Het project draagt software beheerst over",
                    "secondary_name": "12. Er is een regressietest beschikbaar",
                    "sources": {
                        "20dc9202-04ef-4b49-8497-0abecde649cf": {
                            "type": "manual_number",
                            "parameters": {}
                        }
                    },
                    "target": "100",
                    "near_target": "80"
                },
                "ff8b1cb7-0eee-4d72-a648-6532058dcdf5": {
                    "type": "compliance",
                    "name": "M34: Het project draagt software beheerst over",
                    "secondary_name": "13. Er is traceerbaarheid van eisen naar testgevallen",
                    "sources": {
                        "8a0b468a-8665-4341-a732-d779f0a646f8": {
                            "type": "manual_number",
                            "parameters": {}
                        }
                    },
                    "target": "100",
                    "near_target": "80"
                },
                "e9ecfaab-d42c-4eed-8d7d-3120cbee4e72": {
                    "type": "compliance",
                    "name": "M34: Het project draagt software beheerst over",
                    "secondary_name": "14. De testset is goed opgebouwd",
                    "sources": {
                        "d74da8f3-d3aa-4069-804c-063af111cf2b": {
                            "type": "manual_number",
                            "parameters": {}
                        }
                    },
                    "target": "100",
                    "near_target": "80"
                },
                "907d5841-3976-46a9-90b0-0f9c02ab112f": {
                    "type": "compliance",
                    "name": "M27: Het project sluit projectfasen en zichzelf expliciet af",
                    "secondary_name": "",
                    "sources": {
                        "49984955-d45b-40ee-9534-30082624f370": {
                            "type": "manual_number",
                            "parameters": {}
                        }
                    },
                    "target": "100",
                    "near_target": "80"
                }
            }
        },
        "0fd54f17-26eb-4323-af5b-4f5876839db8": {
            "type": "software",
            "name": "Organisatie",
            "metrics": {
                "cfc6a11d-f616-4e58-ad86-b9491e6e413b": {
                    "type": "compliance",
                    "name": "M29: ICTU organiseert voor aanvang van een project de interne dienstverlening",
                    "secondary_name": "",
                    "sources": {
                        "2699f0fc-c3ce-4dcd-89f7-853f6d6571bb": {
                            "type": "manual_number",
                            "parameters": {}
                        }
                    },
                    "target": "100",
                    "near_target": "80"
                },
                "15920f8d-f988-4778-842f-4bca36cd1a12": {
                    "type": "compliance",
                    "name": "M19: ICTU biedt projecten een afgeschermde digitale omgeving",
                    "secondary_name": "",
                    "sources": {
                        "3c0235d8-89e4-47c3-a3ad-1164f9bc8982": {
                            "type": "manual_number",
                            "parameters": {}
                        }
                    },
                    "target": "100",
                    "near_target": "80"
                },
                "de281ef2-dca4-42cf-8b59-c0641f091a9d": {
                    "type": "compliance",
                    "name": "M18: ICTU biedt ondersteuning voor verplicht gestelde tools",
                    "secondary_name": "",
                    "sources": {
                        "50896b92-d848-4e50-9644-dd50a184062e": {
                            "type": "manual_number",
                            "parameters": {}
                        }
                    },
                    "target": "100",
                    "near_target": "80"
                },
                "8f4e475f-bb11-44dd-9d1a-dfd11c259ae9": {
                    "type": "compliance",
                    "name": "M11: ICTU beheert, onderhoudt en implementeert de Kwaliteitsaanpak en kwaliteitsnormen",
                    "secondary_name": "",
                    "sources": {
                        "546e93b1-41ab-4292-844a-0eb4a9b7fe96": {
                            "type": "manual_number",
                            "parameters": {}
                        }
                    },
                    "target": "100",
                    "near_target": "80"
                },
                "5f27c5f7-79b1-48be-9ee9-1228b4ecf341": {
                    "type": "compliance",
                    "name": "M12: ICTU publiceert nieuwe versies van de Kwaliteitsaanpak en normen periodiek en op een vaste locatie",
                    "secondary_name": "",
                    "sources": {
                        "d34d821a-c8dc-4490-81b6-fff3a3a3cac3": {
                            "type": "manual_number",
                            "parameters": {}
                        }
                    },
                    "target": "100",
                    "near_target": "80"
                },
                "568f41a9-97d6-44ef-862e-771fcfce9ac9": {
                    "type": "compliance",
                    "name": "M33: ICTU organiseert periodiek een gezamenlijke self-assessment ten aanzien van de Kwaliteitsaanpak",
                    "secondary_name": "",
                    "sources": {
                        "72fc993b-0fd2-4138-a9c7-593356cb4bf2": {
                            "type": "manual_number",
                            "parameters": {}
                        }
                    },
                    "target": "100",
                    "near_target": "80"
                }
            }
        }
    },
    "title": "ICTU Kwaliteitsaanpak Softwareontwikkeling versie wip",
    "subtitle": "Checklist",
    "report_uuid": "ictu_ka_checklist_wip"
}