{
    "subjects": {
        "000fa42f-d938-461a-acd1-7349761266b0": {
            "type": "software",
            "name": "Producten",
            "metrics": {
                "419ea01c-7491-4d6f-afa1-0003d89329eb": {
                    "type": "compliance",
                    "name": "M01: Het project ontvangt en levert in elke fase vastgestelde producten en informatie",
                    "secondary_name": "1. Business impact analyse",
                    "sources": {
                        "a5cbda70-322e-48e4-84c4-ae3d69530e60": {
                            "type": "manual_number",
                            "parameters": {}
                        }
                    },
                    "target": "100",
                    "near_target": "80"
                },
                "6d300504-bed9-482f-b3b1-b43f3d6ec7d3": {
                    "type": "compliance",
                    "name": "M01: Het project ontvangt en levert in elke fase vastgestelde producten en informatie",
                    "secondary_name": "2. Data protection impact assessment",
                    "sources": {
                        "d2ea6e12-e3fc-4e00-b8ed-6747651b6ce8": {
                            "type": "manual_number",
                            "parameters": {}
                        }
                    },
                    "target": "100",
                    "near_target": "80"
                },
                "22432e35-fb20-46b1-90da-d5a5f0e905d1": {
                    "type": "compliance",
                    "name": "M01: Het project ontvangt en levert in elke fase vastgestelde producten en informatie",
                    "secondary_name": "3. Impact assessment mensenrechten en algoritmes",
                    "sources": {
                        "0dcad81a-3188-4651-b8b8-e2926be8204c": {
                            "type": "manual_number",
                            "parameters": {}
                        }
                    },
                    "target": "100",
                    "near_target": "80"
                },
                "eeb42f30-3931-4cc2-8055-74e89a4c94c1": {
                    "type": "compliance",
                    "name": "M01: Het project ontvangt en levert in elke fase vastgestelde producten en informatie",
                    "secondary_name": "4. Projectstartarchitectuur en solution architectuur ",
                    "sources": {
                        "7688f02c-fcb3-42d7-a6a6-614e610b4fde": {
                            "type": "manual_number",
                            "parameters": {}
                        }
                    },
                    "target": "100",
                    "near_target": "80"
                },
                "0a4bd92d-fe32-4007-8193-25f3922f17da": {
                    "type": "compliance",
                    "name": "M01: Het project ontvangt en levert in elke fase vastgestelde producten en informatie",
                    "secondary_name": "5. Afspraken met de beheerorganisatie ",
                    "sources": {
                        "10413234-f2f4-47d5-bcfa-c97b2e5030a4": {
                            "type": "manual_number",
                            "parameters": {}
                        }
                    },
                    "target": "100",
                    "near_target": "80"
                },
                "4c84ced9-0327-4d61-ba73-64dcb2383c25": {
                    "type": "compliance",
                    "name": "M01: Het project ontvangt en levert in elke fase vastgestelde producten en informatie",
                    "secondary_name": "6. Plan van aanpak: voorfase ",
                    "sources": {
                        "bb79cb64-542e-44e1-884c-41aa14c97c02": {
                            "type": "manual_number",
                            "parameters": {}
                        }
                    },
                    "target": "100",
                    "near_target": "80"
                },
                "0ddfe80c-a8c7-422d-8a9f-ccb080d20e8f": {
                    "type": "compliance",
                    "name": "M01: Het project ontvangt en levert in elke fase vastgestelde producten en informatie",
                    "secondary_name": "7. Beschrijving van functionele eisen ",
                    "sources": {
                        "b1efc5de-3cd9-4c7f-afc3-9f06835ad8d0": {
                            "type": "manual_number",
                            "parameters": {}
                        }
                    },
                    "target": "100",
                    "near_target": "80"
                },
                "fd73a368-ed5f-48dd-8368-cb8e7a081b52": {
                    "type": "compliance",
                    "name": "M01: Het project ontvangt en levert in elke fase vastgestelde producten en informatie",
                    "secondary_name": "8. Beschrijving van niet-functionele eisen ",
                    "sources": {
                        "11bcdef5-24bd-4a9a-a91f-a1f776be1df3": {
                            "type": "manual_number",
                            "parameters": {}
                        }
                    },
                    "target": "100",
                    "near_target": "80"
                },
                "0daef889-53c9-42bd-930d-b7939b2b1cfd": {
                    "type": "compliance",
                    "name": "M01: Het project ontvangt en levert in elke fase vastgestelde producten en informatie",
                    "secondary_name": "9. Product backlog",
                    "sources": {
                        "11272279-7797-40d4-85af-40600170eaaf": {
                            "type": "manual_number",
                            "parameters": {}
                        }
                    },
                    "target": "100",
                    "near_target": "80"
                },
                "1a6dd42e-bef6-4184-95ae-b34ad40d61e5": {
                    "type": "compliance",
                    "name": "M01: Het project ontvangt en levert in elke fase vastgestelde producten en informatie",
                    "secondary_name": "10. Ontwerp- en architectuurdocumentatie",
                    "sources": {
                        "e13f1b8e-0d93-401d-bd55-1abdb18c84c2": {
                            "type": "manual_number",
                            "parameters": {}
                        }
                    },
                    "target": "100",
                    "near_target": "80"
                },
                "d42389e3-95f7-43f7-b351-5eac75bd0233": {
                    "type": "compliance",
                    "name": "M01: Het project ontvangt en levert in elke fase vastgestelde producten en informatie",
                    "secondary_name": "11. Mastertestplan",
                    "sources": {
                        "461bc308-e30d-44b5-9389-8146a567d885": {
                            "type": "manual_number",
                            "parameters": {}
                        }
                    },
                    "target": "100",
                    "near_target": "80"
                },
                "8032fb50-a317-4d4d-9631-7299e672515d": {
                    "type": "compliance",
                    "name": "M01: Het project ontvangt en levert in elke fase vastgestelde producten en informatie",
                    "secondary_name": "12. Detailtestplannen",
                    "sources": {
                        "eb0bcd77-16ee-4bae-beb2-167560442b25": {
                            "type": "manual_number",
                            "parameters": {}
                        }
                    },
                    "target": "100",
                    "near_target": "80"
                },
                "196beff3-88a3-4d6f-b9f5-3bbe4d37e668": {
                    "type": "compliance",
                    "name": "M01: Het project ontvangt en levert in elke fase vastgestelde producten en informatie",
                    "secondary_name": "13. Informatiebeveiligingsplan",
                    "sources": {
                        "012d15e9-3ee9-4018-ade7-4a0051b04701": {
                            "type": "manual_number",
                            "parameters": {}
                        }
                    },
                    "target": "100",
                    "near_target": "80"
                },
                "147dc189-ba56-428b-92e4-1cf26c2b4f39": {
                    "type": "compliance",
                    "name": "M01: Het project ontvangt en levert in elke fase vastgestelde producten en informatie",
                    "secondary_name": "14. Kwaliteitsplan",
                    "sources": {
                        "47bf3558-cefc-40be-91a1-0839ac84a5b8": {
                            "type": "manual_number",
                            "parameters": {}
                        }
                    },
                    "target": "100",
                    "near_target": "80"
                },
                "6582c25d-df95-43c2-95c8-1dd0a9a11b22": {
                    "type": "compliance",
                    "name": "M01: Het project ontvangt en levert in elke fase vastgestelde producten en informatie",
                    "secondary_name": "15. Plan van aanpak: realisatiefase",
                    "sources": {
                        "09259bc3-8dc1-46f0-a431-d58588bbe101": {
                            "type": "manual_number",
                            "parameters": {}
                        }
                    },
                    "target": "100",
                    "near_target": "80"
                },
                "a0509000-e331-4235-a3c4-3d9b75928831": {
                    "type": "compliance",
                    "name": "M01: Het project ontvangt en levert in elke fase vastgestelde producten en informatie",
                    "secondary_name": "16. Deploybare versie van de software",
                    "sources": {
                        "d8dce9bc-ba80-46ef-88ab-af45ac863af8": {
                            "type": "manual_number",
                            "parameters": {}
                        }
                    },
                    "target": "100",
                    "near_target": "80"
                },
                "fc0a0bbb-2182-4263-a155-b0f006d03127": {
                    "type": "compliance",
                    "name": "M01: Het project ontvangt en levert in elke fase vastgestelde producten en informatie",
                    "secondary_name": "17. Testrapportages",
                    "sources": {
                        "9bd46fc7-a137-4a6f-9911-81f2d525befe": {
                            "type": "manual_number",
                            "parameters": {}
                        }
                    },
                    "target": "100",
                    "near_target": "80"
                },
                "05dd05d5-794f-44b7-b2bd-8ef231830b55": {
                    "type": "compliance",
                    "name": "M01: Het project ontvangt en levert in elke fase vastgestelde producten en informatie",
                    "secondary_name": "18. Documentatie voor deployment en operationeel beheer",
                    "sources": {
                        "6713eae2-2dfc-4413-9c86-0e2d3742cb20": {
                            "type": "manual_number",
                            "parameters": {}
                        }
                    },
                    "target": "100",
                    "near_target": "80"
                },
                "bbb1acfa-8a53-46e9-b2ed-5360e1f5d59c": {
                    "type": "compliance",
                    "name": "M01: Het project ontvangt en levert in elke fase vastgestelde producten en informatie",
                    "secondary_name": "19. Software bill of materials",
                    "sources": {
                        "772908e6-ca84-4312-988c-4cb684b0db3a": {
                            "type": "manual_number",
                            "parameters": {}
                        }
                    },
                    "target": "100",
                    "near_target": "80"
                },
                "7e6baf67-2ec3-4536-be1e-e9071994a1ec": {
                    "type": "compliance",
                    "name": "M01: Het project ontvangt en levert in elke fase vastgestelde producten en informatie",
                    "secondary_name": "20. Release notes",
                    "sources": {
                        "99faa8b6-d52e-468d-97a1-26b9707d325d": {
                            "type": "manual_number",
                            "parameters": {}
                        }
                    },
                    "target": "100",
                    "near_target": "80"
                },
                "3ec5e93c-bbf5-4da1-8d26-50ca425db7d3": {
                    "type": "compliance",
                    "name": "M01: Het project ontvangt en levert in elke fase vastgestelde producten en informatie",
                    "secondary_name": "21. Vrijgaveadvies",
                    "sources": {
                        "28840054-ee20-4614-875f-194fe425bd4c": {
                            "type": "manual_number",
                            "parameters": {}
                        }
                    },
                    "target": "100",
                    "near_target": "80"
                },
                "48829fad-3479-44df-bef4-65e99948dcd8": {
                    "type": "compliance",
                    "name": "M32: Het project onderzoekt de kwaliteit van over te nemen software",
                    "secondary_name": "1. Een rapportage met tenminste de bevindingen, risico's voor opdrachtgevende organisatie en ICTU, en mitigerende maatregelen",
                    "sources": {
                        "8dcd1d3d-2819-41f6-8604-d368632e043d": {
                            "type": "manual_number",
                            "parameters": {}
                        }
                    },
                    "target": "100",
                    "near_target": "80"
                },
                "8c1bb5c8-3226-4954-8e7c-5c52f2aef48b": {
                    "type": "compliance",
                    "name": "M32: Het project onderzoekt de kwaliteit van over te nemen software",
                    "secondary_name": "2. Een transitieplan dat de activiteiten beschrijft die nodig zijn om de software af te bouwen of te herbouwen en te onderhouden",
                    "sources": {
                        "757abc55-31dd-4603-bdb1-8f344fb4e6ac": {
                            "type": "manual_number",
                            "parameters": {}
                        }
                    },
                    "target": "100",
                    "near_target": "80"
                },
                "c90519d1-22e7-40d3-aff7-857e340b50b2": {
                    "type": "compliance",
                    "name": "M32: Het project onderzoekt de kwaliteit van over te nemen software",
                    "secondary_name": "3. Als er significante technische schuld aanwezig is in de bestaande software: een plan voor het aflossen van deze schuld",
                    "sources": {
                        "40a31fc8-0155-4f0c-9ad7-2f5573d6263c": {
                            "type": "manual_number",
                            "parameters": {}
                        }
                    },
                    "target": "100",
                    "near_target": "80"
                },
                "b792d6ef-c25b-491f-a974-71db5b195118": {
                    "type": "compliance",
                    "name": "M02: Het project bewaakt continu dat het product aan de kwaliteitsnormen voldoet",
                    "secondary_name": "1. Tijdens de voorfase: het project reviewt de deliverables periodiek",
                    "sources": {
                        "61b74473-5cd5-4b05-9609-e474e2902ae6": {
                            "type": "manual_number",
                            "parameters": {}
                        }
                    },
                    "target": "100",
                    "near_target": "80"
                },
                "ae2f15fa-adaa-43c8-8ecb-e213bd1322c4": {
                    "type": "compliance",
                    "name": "M02: Het project bewaakt continu dat het product aan de kwaliteitsnormen voldoet",
                    "secondary_name": "2. Tijdens de realisatiefase: het project bewaakt op dagelijkse basis en geautomatiseerd de kwaliteit van de software",
                    "sources": {
                        "75efd4bb-c446-4707-ad33-477a2f78f52f": {
                            "type": "manual_number",
                            "parameters": {}
                        }
                    },
                    "target": "100",
                    "near_target": "80"
                },
                "0db97454-de4f-4540-9cbd-0e4704e00465": {
                    "type": "compliance",
                    "name": "M02: Het project bewaakt continu dat het product aan de kwaliteitsnormen voldoet",
                    "secondary_name": "3. Als operationeel beheer onderdeel is van de dienstverlening tijdens de realisatiefase: het project bewaakt op dagelijkse basis en geautomatiseerd het gedrag van de software in gebruik en beheer",
                    "sources": {
                        "ab592e99-03f5-4df4-bdca-4020b2cff36b": {
                            "type": "manual_number",
                            "parameters": {}
                        }
                    },
                    "target": "100",
                    "near_target": "80"
                },
                "1efa51a3-a051-477a-8b7b-459f60c8181f": {
                    "type": "compliance",
                    "name": "M02: Het project bewaakt continu dat het product aan de kwaliteitsnormen voldoet",
                    "secondary_name": "4. Tijdens de realisatiefase: het project evalueert periodiek en handmatig de kwaliteitseigenschappen van de software die niet geautomatiseerd kunnen worden gemeten",
                    "sources": {
                        "b4630293-6127-4b16-906b-84b926aa63f2": {
                            "type": "manual_number",
                            "parameters": {}
                        }
                    },
                    "target": "100",
                    "near_target": "80"
                },
                "4af76372-1aa7-460c-9e27-b140a4333532": {
                    "type": "compliance",
                    "name": "M02: Het project bewaakt continu dat het product aan de kwaliteitsnormen voldoet",
                    "secondary_name": "5. Tijdens de realisatiefase: het project actualiseert en reviewt periodiek de documentatie",
                    "sources": {
                        "e4c64374-d561-468a-8297-35e32353e1a3": {
                            "type": "manual_number",
                            "parameters": {}
                        }
                    },
                    "target": "100",
                    "near_target": "80"
                },
                "512492d4-1356-4ef7-a5e9-96bc17930b90": {
                    "type": "compliance",
                    "name": "M02: Het project bewaakt continu dat het product aan de kwaliteitsnormen voldoet",
                    "secondary_name": "6. Indien nodig: de kwaliteitsmanager escaleert het langdurig niet halen van de kwaliteitsnormen",
                    "sources": {
                        "85ba2dc3-61fb-4895-b0c3-40f3499e6db5": {
                            "type": "manual_number",
                            "parameters": {}
                        }
                    },
                    "target": "100",
                    "near_target": "80"
                },
                "36694c20-6cb6-4810-85dc-f62083eba120": {
                    "type": "compliance",
                    "name": "M03: Het project zorgt dat het product traceerbaar aan eisen voldoet",
                    "secondary_name": "",
                    "sources": {
                        "cbd22fb6-37f5-4ff7-9919-00d0d8bef370": {
                            "type": "manual_number",
                            "parameters": {}
                        }
                    },
                    "target": "100",
                    "near_target": "80"
                },
                "2ce0b190-5cd5-4269-b191-9a4619a89cf7": {
                    "type": "compliance",
                    "name": "M04: Het project borgt de correcte werking van het product met geautomatiseerde regressietests",
                    "secondary_name": "",
                    "sources": {
                        "0a3b5dac-e75a-4776-962e-580802e36683": {
                            "type": "manual_number",
                            "parameters": {}
                        }
                    },
                    "target": "100",
                    "near_target": "80"
                },
                "1d35fffb-a62c-448a-abc0-990cde428e0f": {
                    "type": "compliance",
                    "name": "M07: Het project gebruikt een continuous delivery pipeline om het product te bouwen, testen en op te leveren",
                    "secondary_name": "1. Bouw van de software",
                    "sources": {
                        "69ce8645-3d4a-4124-9fc8-0463646012c6": {
                            "type": "manual_number",
                            "parameters": {}
                        }
                    },
                    "target": "100",
                    "near_target": "80"
                },
                "fbbdea0f-3a94-4929-be55-8fb68b75f7c1": {
                    "type": "compliance",
                    "name": "M07: Het project gebruikt een continuous delivery pipeline om het product te bouwen, testen en op te leveren",
                    "secondary_name": "2. Unit tests",
                    "sources": {
                        "afd2a2d0-258c-453e-b221-3f7ab1efaf1b": {
                            "type": "manual_number",
                            "parameters": {}
                        }
                    },
                    "target": "100",
                    "near_target": "80"
                },
                "e41c6a35-13c8-4f32-954d-9a4bd099c6ee": {
                    "type": "compliance",
                    "name": "M07: Het project gebruikt een continuous delivery pipeline om het product te bouwen, testen en op te leveren",
                    "secondary_name": "3. Regressietests",
                    "sources": {
                        "a1a57789-4e0f-44af-b07e-1846b78a39d6": {
                            "type": "manual_number",
                            "parameters": {}
                        }
                    },
                    "target": "100",
                    "near_target": "80"
                },
                "0c1f13fd-d69b-41ce-9b6a-aa77c3c22444": {
                    "type": "compliance",
                    "name": "M07: Het project gebruikt een continuous delivery pipeline om het product te bouwen, testen en op te leveren",
                    "secondary_name": "4. Beveiligingstests",
                    "sources": {
                        "55c50aa1-e89b-4eb1-a61c-cde491192f3f": {
                            "type": "manual_number",
                            "parameters": {}
                        }
                    },
                    "target": "100",
                    "near_target": "80"
                },
                "3e411e39-ae2f-4450-9334-e51f1b128aa4": {
                    "type": "compliance",
                    "name": "M07: Het project gebruikt een continuous delivery pipeline om het product te bouwen, testen en op te leveren",
                    "secondary_name": "5. Performancetests",
                    "sources": {
                        "9dd07574-6ce9-4347-abea-652bd4d59783": {
                            "type": "manual_number",
                            "parameters": {}
                        }
                    },
                    "target": "100",
                    "near_target": "80"
                },
                "176fd13b-53a7-4ec1-8332-c157ae7b5bb7": {
                    "type": "compliance",
                    "name": "M07: Het project gebruikt een continuous delivery pipeline om het product te bouwen, testen en op te leveren",
                    "secondary_name": "6. Toegankelijkheidstests",
                    "sources": {
                        "ba4aac74-87f0-410d-91cd-86d4af38d5a6": {
                            "type": "manual_number",
                            "parameters": {}
                        }
                    },
                    "target": "100",
                    "near_target": "80"
                },
                "f6c92363-f1d5-42a8-bdb7-d730aba8226a": {
                    "type": "compliance",
                    "name": "M07: Het project gebruikt een continuous delivery pipeline om het product te bouwen, testen en op te leveren",
                    "secondary_name": "7. Broncodekwaliteitscontroles",
                    "sources": {
                        "a484575c-9c3c-44ac-a061-9f32934dd9df": {
                            "type": "manual_number",
                            "parameters": {}
                        }
                    },
                    "target": "100",
                    "near_target": "80"
                },
                "500b9dc9-fb00-47fd-82db-863b9e4dd2b8": {
                    "type": "compliance",
                    "name": "M07: Het project gebruikt een continuous delivery pipeline om het product te bouwen, testen en op te leveren",
                    "secondary_name": "8. Installatie van de software in test, acceptatie en/of productieomgevingen",
                    "sources": {
                        "0bf5a805-7d6a-43a7-b51c-847b70ac3374": {
                            "type": "manual_number",
                            "parameters": {}
                        }
                    },
                    "target": "100",
                    "near_target": "80"
                },
                "bd66ff0b-707f-4a49-840f-dacc26751329": {
                    "type": "compliance",
                    "name": "M07: Het project gebruikt een continuous delivery pipeline om het product te bouwen, testen en op te leveren",
                    "secondary_name": "9. Oplevering van het totale product, dus inclusief alle deliverables, in de vorm zoals bruikbaar voor en afgesproken met de opdrachtgevende organisatie",
                    "sources": {
                        "f94ca30b-7050-4613-9b8b-cbfaaf964b29": {
                            "type": "manual_number",
                            "parameters": {}
                        }
                    },
                    "target": "100",
                    "near_target": "80"
                },
                "6408b904-ea0c-491b-a7e8-95f6973b86f3": {
                    "type": "compliance",
                    "name": "M16: Het project gebruikt tools voor vastgestelde taken",
                    "secondary_name": "1. Product en sprint backlog management en agile werken",
                    "sources": {
                        "4c59ecdf-6f7a-4f76-b176-af71937af565": {
                            "type": "manual_number",
                            "parameters": {}
                        }
                    },
                    "target": "100",
                    "near_target": "80"
                },
                "ad3ea90b-8e3a-4a59-a7ae-99879e485680": {
                    "type": "compliance",
                    "name": "M16: Het project gebruikt tools voor vastgestelde taken",
                    "secondary_name": "2. Inrichten en uitvoeren van een continuous delivery pipeline",
                    "sources": {
                        "49f34a6d-bd4b-48bf-b533-26b4abc5425b": {
                            "type": "manual_number",
                            "parameters": {}
                        }
                    },
                    "target": "100",
                    "near_target": "80"
                },
                "facddf7a-27eb-416e-bfba-7778eb6df6f7": {
                    "type": "compliance",
                    "name": "M16: Het project gebruikt tools voor vastgestelde taken",
                    "secondary_name": "3. Monitoren van de kwaliteit van broncode",
                    "sources": {
                        "411b3f2b-0da8-40a8-b52a-c1441c74d7cc": {
                            "type": "manual_number",
                            "parameters": {}
                        }
                    },
                    "target": "100",
                    "near_target": "80"
                },
                "5c752b90-c3cc-43c8-8550-140fdad62ab0": {
                    "type": "compliance",
                    "name": "M16: Het project gebruikt tools voor vastgestelde taken",
                    "secondary_name": "4. Versiebeheer van op te leveren producten",
                    "sources": {
                        "edd7f2d2-cfec-4527-b2af-dfbb6f94a32d": {
                            "type": "manual_number",
                            "parameters": {}
                        }
                    },
                    "target": "100",
                    "near_target": "80"
                },
                "37ec0e3f-8b82-43a2-8aae-3ab7a2ea23be": {
                    "type": "compliance",
                    "name": "M16: Het project gebruikt tools voor vastgestelde taken",
                    "secondary_name": "5. Release van software",
                    "sources": {
                        "d6d1e077-0aa5-4b79-a2c8-c5588a6ef688": {
                            "type": "manual_number",
                            "parameters": {}
                        }
                    },
                    "target": "100",
                    "near_target": "80"
                },
                "e7b68cc9-99f8-4087-9f53-0fe5b3ff7eb1": {
                    "type": "compliance",
                    "name": "M16: Het project gebruikt tools voor vastgestelde taken",
                    "secondary_name": "6. Maken van testrapportages",
                    "sources": {
                        "d2c4aef6-2d53-458d-8e26-113e6245f9ba": {
                            "type": "manual_number",
                            "parameters": {}
                        }
                    },
                    "target": "100",
                    "near_target": "80"
                },
                "a6897797-33da-4a39-ad7e-b80d3a2ce2bd": {
                    "type": "compliance",
                    "name": "M16: Het project gebruikt tools voor vastgestelde taken",
                    "secondary_name": "7. Maken van kwaliteitsrapportages",
                    "sources": {
                        "38cca795-3224-4cfa-97d5-b466e357f5a6": {
                            "type": "manual_number",
                            "parameters": {}
                        }
                    },
                    "target": "100",
                    "near_target": "80"
                },
                "17f04cd4-271b-4eff-93eb-f8ec17360ddd": {
                    "type": "compliance",
                    "name": "M16: Het project gebruikt tools voor vastgestelde taken",
                    "secondary_name": "8. Controleren op aanwezigheid van bekende kwetsbaarheden in externe software",
                    "sources": {
                        "79f08246-bed8-4693-9554-691f6b8fe56b": {
                            "type": "manual_number",
                            "parameters": {}
                        }
                    },
                    "target": "100",
                    "near_target": "80"
                },
                "b61e60d7-ad07-4f5f-a768-c0fc1539909d": {
                    "type": "compliance",
                    "name": "M16: Het project gebruikt tools voor vastgestelde taken",
                    "secondary_name": "9. Statische controle van de software op aanwezigheid van kwetsbare constructies",
                    "sources": {
                        "26a58bef-5501-4701-9f2d-d8d047760179": {
                            "type": "manual_number",
                            "parameters": {}
                        }
                    },
                    "target": "100",
                    "near_target": "80"
                },
                "a45d2474-e38d-416c-8ce3-ca83c03d3f89": {
                    "type": "compliance",
                    "name": "M16: Het project gebruikt tools voor vastgestelde taken",
                    "secondary_name": "10. Dynamische controle van de software op aanwezigheid van kwetsbare constructies",
                    "sources": {
                        "132b36c7-88c5-4fb8-96db-857e66c48a1b": {
                            "type": "manual_number",
                            "parameters": {}
                        }
                    },
                    "target": "100",
                    "near_target": "80"
                },
                "546c6aed-fad1-48a9-a9c3-a1dcd907e036": {
                    "type": "compliance",
                    "name": "M16: Het project gebruikt tools voor vastgestelde taken",
                    "secondary_name": "11. Controleren van container images op aanwezigheid van bekende kwetsbaarheden",
                    "sources": {
                        "7c35eaf6-560e-4e45-bef0-8116b0ec95e9": {
                            "type": "manual_number",
                            "parameters": {}
                        }
                    },
                    "target": "100",
                    "near_target": "80"
                },
                "c138fac8-ec82-4dfd-8a55-06c25c404083": {
                    "type": "compliance",
                    "name": "M16: Het project gebruikt tools voor vastgestelde taken",
                    "secondary_name": "12. Testen van performance en schaalbaarheid",
                    "sources": {
                        "20579077-7cad-4d4d-91c2-903a45eff089": {
                            "type": "manual_number",
                            "parameters": {}
                        }
                    },
                    "target": "100",
                    "near_target": "80"
                },
                "0cae0d06-20ab-4877-8c16-199f30e39183": {
                    "type": "compliance",
                    "name": "M16: Het project gebruikt tools voor vastgestelde taken",
                    "secondary_name": "13. Testen op toegankelijkheid van de applicatie",
                    "sources": {
                        "bf2b65df-18c6-4e23-852e-1d30ee958389": {
                            "type": "manual_number",
                            "parameters": {}
                        }
                    },
                    "target": "100",
                    "near_target": "80"
                },
                "abb4abfa-a030-48eb-b652-29ba0a60a60c": {
                    "type": "compliance",
                    "name": "M16: Het project gebruikt tools voor vastgestelde taken",
                    "secondary_name": "14. Produceren van een \"software bill of materials\" (SBoM)",
                    "sources": {
                        "3b0ef677-c4a8-480e-bd0d-8d4345527404": {
                            "type": "manual_number",
                            "parameters": {}
                        }
                    },
                    "target": "100",
                    "near_target": "80"
                },
                "35ac68b7-57cb-4a86-a49d-3b73cb548ed7": {
                    "type": "compliance",
                    "name": "M16: Het project gebruikt tools voor vastgestelde taken",
                    "secondary_name": "15. Opslaan van artifacten",
                    "sources": {
                        "014132e1-f711-4ba0-804f-90575fe74e82": {
                            "type": "manual_number",
                            "parameters": {}
                        }
                    },
                    "target": "100",
                    "near_target": "80"
                },
                "091670d4-bbf5-4064-a5d0-6473d677f669": {
                    "type": "compliance",
                    "name": "M16: Het project gebruikt tools voor vastgestelde taken",
                    "secondary_name": "16. Registratie van incidenten bij gebruik en beheer",
                    "sources": {
                        "828e201d-4d86-43d9-b3d5-f3123dd41463": {
                            "type": "manual_number",
                            "parameters": {}
                        }
                    },
                    "target": "100",
                    "near_target": "80"
                },
                "a8e7fb9c-2829-4746-805b-5e68422cf926": {
                    "type": "compliance",
                    "name": "M16: Het project gebruikt tools voor vastgestelde taken",
                    "secondary_name": "17. Bij het uitvoeren van operationeel beheer; uitrollen van de software in de productieomgeving",
                    "sources": {
                        "e28fe9f8-879e-4c92-b19d-6cc985c9d04c": {
                            "type": "manual_number",
                            "parameters": {}
                        }
                    },
                    "target": "100",
                    "near_target": "80"
                },
                "2d8a36dc-2213-4d85-8561-8d1e0abf783d": {
                    "type": "compliance",
                    "name": "M08: Het project maakt technische schuld inzichtelijk en lost deze planmatig op",
                    "secondary_name": "",
                    "sources": {
                        "bf0222c0-f28e-4f6a-b86d-163152600c00": {
                            "type": "manual_number",
                            "parameters": {}
                        }
                    },
                    "target": "100",
                    "near_target": "80"
                },
                "1cb83170-e4db-4a99-8b90-880b01797eff": {
                    "type": "compliance",
                    "name": "M26: Het project laat de beveiliging van het ontwikkelde product periodiek beoordelen",
                    "secondary_name": "",
                    "sources": {
                        "89b1a3e1-2e97-41ff-ba39-657bd2445cd6": {
                            "type": "manual_number",
                            "parameters": {}
                        }
                    },
                    "target": "100",
                    "near_target": "80"
                }
            }
        },
        "cc3d682e-a924-43be-9d5f-3ae674995dbc": {
            "type": "software",
            "name": "Processen",
            "metrics": {
                "9eaec3da-f906-4a91-8d6a-2aa30baad665": {
                    "type": "compliance",
                    "name": "M14: Het project bereidt samen met opdrachtgevende organisatie en betrokken partijen de realisatie voor",
                    "secondary_name": "",
                    "sources": {
                        "5d1c7932-b40d-41ce-8e2f-fde737fa4d06": {
                            "type": "manual_number",
                            "parameters": {}
                        }
                    },
                    "target": "100",
                    "near_target": "80"
                },
                "67e114f3-8c58-4dd7-80a2-88141aeddbd9": {
                    "type": "compliance",
                    "name": "M21: Het project selecteert medewerkers op basis van kwaliteit",
                    "secondary_name": "",
                    "sources": {
                        "8b9ede21-831f-450f-b211-16656f2e5f48": {
                            "type": "manual_number",
                            "parameters": {}
                        }
                    },
                    "target": "100",
                    "near_target": "80"
                },
                "44655953-d5a7-4ac9-84cd-7d5ce89cd903": {
                    "type": "compliance",
                    "name": "M23: Het project zorgt voor de aanwezigheid van kennis van en ervaring met de Kwaliteitsaanpak",
                    "secondary_name": "",
                    "sources": {
                        "0450daee-0c6b-4fcc-9b63-db6440adb00f": {
                            "type": "manual_number",
                            "parameters": {}
                        }
                    },
                    "target": "100",
                    "near_target": "80"
                },
                "d93d6d6c-e2a9-4ff2-a40a-554b9fe8ccd1": {
                    "type": "compliance",
                    "name": "M05: Het project hanteert een iteratief en incrementeel ontwikkelproces",
                    "secondary_name": "1. Scrumteam bestaand uit product owner, ontwikkelaars (zoals programmeurs, testers en ontwerpers) en Scrummaster",
                    "sources": {
                        "d1b0bce4-1c91-4914-9b63-f0da07b1d03e": {
                            "type": "manual_number",
                            "parameters": {}
                        }
                    },
                    "target": "100",
                    "near_target": "80"
                },
                "36495bab-f9f2-4307-bec3-aa8bd59eb91a": {
                    "type": "compliance",
                    "name": "M05: Het project hanteert een iteratief en incrementeel ontwikkelproces",
                    "secondary_name": "2. Proces met daily scrum, sprints, sprint planning, sprint review, sprint retrospective en sprint refinement",
                    "sources": {
                        "c99fb1a5-8f65-4c84-8e0f-7f0a4a7d192b": {
                            "type": "manual_number",
                            "parameters": {}
                        }
                    },
                    "target": "100",
                    "near_target": "80"
                },
                "199f70b0-eec7-4731-a0ed-27f8c1cfa9b3": {
                    "type": "compliance",
                    "name": "M05: Het project hanteert een iteratief en incrementeel ontwikkelproces",
                    "secondary_name": "3. Definition of Ready en Definition of Done",
                    "sources": {
                        "3b115a67-e438-4770-8006-d7244d729e93": {
                            "type": "manual_number",
                            "parameters": {}
                        }
                    },
                    "target": "100",
                    "near_target": "80"
                },
                "63a69329-707a-4d7d-9e38-9821cacb126d": {
                    "type": "compliance",
                    "name": "M05: Het project hanteert een iteratief en incrementeel ontwikkelproces",
                    "secondary_name": "4. Product backlog en sprint backlog",
                    "sources": {
                        "4bfd0af3-97b3-42fd-8d7c-5957e38e1114": {
                            "type": "manual_number",
                            "parameters": {}
                        }
                    },
                    "target": "100",
                    "near_target": "80"
                },
                "f5bb7b02-47a9-4795-8931-d7adc2b0b54d": {
                    "type": "compliance",
                    "name": "M35: Het project hanteert een agile architectuuraanpak",
                    "secondary_name": "",
                    "sources": {
                        "c7dc1ae8-7b75-4d75-aca7-1c1810454d6b": {
                            "type": "manual_number",
                            "parameters": {}
                        }
                    },
                    "target": "100",
                    "near_target": "80"
                },
                "feaa2318-00f9-4c39-bbee-ee84dda15d47": {
                    "type": "compliance",
                    "name": "M10: Het project kent een wekelijks projectoverleg",
                    "secondary_name": "",
                    "sources": {
                        "a9ae27e8-5fd5-4b5f-86e7-6e573743fde6": {
                            "type": "manual_number",
                            "parameters": {}
                        }
                    },
                    "target": "100",
                    "near_target": "80"
                },
                "7aca3d1d-956b-48a9-be0f-41a558bed80a": {
                    "type": "compliance",
                    "name": "M28: Het project voert periodiek een self-assessment uit tegen de actuele versie van de Kwaliteitsaanpak",
                    "secondary_name": "",
                    "sources": {
                        "e8828e3d-3217-4231-9f56-25bfbc67a127": {
                            "type": "manual_number",
                            "parameters": {}
                        }
                    },
                    "target": "100",
                    "near_target": "80"
                },
                "03df22c6-b4cd-4ad0-ad36-57d7d836af62": {
                    "type": "compliance",
                    "name": "M30: Het project identificeert, mitigeert en bewaakt risico's",
                    "secondary_name": "",
                    "sources": {
                        "4af32b97-a4f3-42d4-81f8-3eaedb33264e": {
                            "type": "manual_number",
                            "parameters": {}
                        }
                    },
                    "target": "100",
                    "near_target": "80"
                },
                "146a8bb7-5798-4d1c-a14d-d16772a664e1": {
                    "type": "compliance",
                    "name": "M34: Het project draagt software beheerst over",
                    "secondary_name": "1. De documentatie beschrijft de ontwikkel- en testomgeving die is toegepast",
                    "sources": {
                        "4987fcf5-3ba5-48c4-a1b8-8672c235e53c": {
                            "type": "manual_number",
                            "parameters": {}
                        }
                    },
                    "target": "100",
                    "near_target": "80"
                },
                "08abcf2c-744d-4acd-bdd6-d46be1c341d2": {
                    "type": "compliance",
                    "name": "M34: Het project draagt software beheerst over",
                    "secondary_name": "2. De functionele documentatie beschrijft gegevensmodellen, functionele indeling, koppelingen, berichtdefinities en workflows/processen",
                    "sources": {
                        "16b56d1e-efec-4a8f-aaa8-e37d9a569f27": {
                            "type": "manual_number",
                            "parameters": {}
                        }
                    },
                    "target": "100",
                    "near_target": "80"
                },
                "06a8fabe-3cbe-4ad1-8c62-3a0d86ae5fd0": {
                    "type": "compliance",
                    "name": "M34: Het project draagt software beheerst over",
                    "secondary_name": "3. Als operationeel beheer onderdeel was van de dienstverlening: de operationele bedieningsinstructies beschrijven minimaal back-up/recovery, procedures bij calamiteiten, regelmatig terugkerende beheeractiviteiten en opstart- en afsluitprocedures",
                    "sources": {
                        "b63bff17-9c3b-40bc-a3ac-557db3df643e": {
                            "type": "manual_number",
                            "parameters": {}
                        }
                    },
                    "target": "100",
                    "near_target": "80"
                },
                "238d9394-a1e3-481d-8ec0-18fde3d0c270": {
                    "type": "compliance",
                    "name": "M34: Het project draagt software beheerst over",
                    "secondary_name": "4. De product backlog bevat de bekende bugs en wensen",
                    "sources": {
                        "f5798ba8-3820-4390-87b9-d192e2223369": {
                            "type": "manual_number",
                            "parameters": {}
                        }
                    },
                    "target": "100",
                    "near_target": "80"
                },
                "31fac914-19d0-4dec-82ad-b4d6be7b6411": {
                    "type": "compliance",
                    "name": "M34: Het project draagt software beheerst over",
                    "secondary_name": "5. De broncode kent een gezonde balans tussen isolatie, cohesie en koppeling",
                    "sources": {
                        "6cf747ca-14c0-4536-8c71-b6941e173280": {
                            "type": "manual_number",
                            "parameters": {}
                        }
                    },
                    "target": "100",
                    "near_target": "80"
                },
                "b2bcff1c-30f9-4d56-b4cf-868693ec568c": {
                    "type": "compliance",
                    "name": "M34: Het project draagt software beheerst over",
                    "secondary_name": "6. De broncode heeft een beperkte mate van duplicatie",
                    "sources": {
                        "cfda9d8f-21ce-4aca-a1cf-0c4a7f3b4c98": {
                            "type": "manual_number",
                            "parameters": {}
                        }
                    },
                    "target": "100",
                    "near_target": "80"
                },
                "b2b7e66c-d471-44b5-b1ea-6121d2f66e20": {
                    "type": "compliance",
                    "name": "M34: Het project draagt software beheerst over",
                    "secondary_name": "7. De broncode heeft een beperkte mate van complexiteit",
                    "sources": {
                        "ec50f216-8f49-4688-8416-3816afbc21b6": {
                            "type": "manual_number",
                            "parameters": {}
                        }
                    },
                    "target": "100",
                    "near_target": "80"
                },
                "b2b1aca4-9341-4718-b9bc-4791ab6c2fcf": {
                    "type": "compliance",
                    "name": "M34: Het project draagt software beheerst over",
                    "secondary_name": "8. De broncode bevat geen of een beperkt aantal niet-afgeronde werkzaamheden (\"todo's\")",
                    "sources": {
                        "c3ffbc9e-c04a-4ccb-8c9e-ce368417d721": {
                            "type": "manual_number",
                            "parameters": {}
                        }
                    },
                    "target": "100",
                    "near_target": "80"
                },
                "480a4e38-aea4-4c7e-99c2-90d57cd750cf": {
                    "type": "compliance",
                    "name": "M34: Het project draagt software beheerst over",
                    "secondary_name": "9. De tests raken een voldoende groot deel van de broncode",
                    "sources": {
                        "7f2931e3-c1ee-4aed-88ea-eec66304a408": {
                            "type": "manual_number",
                            "parameters": {}
                        }
                    },
                    "target": "100",
                    "near_target": "80"
                },
                "3be9df1b-5438-4be3-b0a1-b68d967ade54": {
                    "type": "compliance",
                    "name": "M34: Het project draagt software beheerst over",
                    "secondary_name": "10. De tests raken een voldoende groot deel van de functionaliteit (functionele dekking)",
                    "sources": {
                        "963ee2ad-e81c-4685-8f95-b34eeed838d8": {
                            "type": "manual_number",
                            "parameters": {}
                        }
                    },
                    "target": "100",
                    "near_target": "80"
                },
                "b7d1e06f-aef5-4f2b-b552-eb971fa68552": {
                    "type": "compliance",
                    "name": "M34: Het project draagt software beheerst over",
                    "secondary_name": "11. De onderkende productrisico's zijn gedekt",
                    "sources": {
                        "97a3a59a-ce27-4094-a0f7-ffa425fa7140": {
                            "type": "manual_number",
                            "parameters": {}
                        }
                    },
                    "target": "100",
                    "near_target": "80"
                },
                "a4d1aaaf-dd8d-4f73-89fb-fbd8440fc848": {
                    "type": "compliance",
                    "name": "M34: Het project draagt software beheerst over",
                    "secondary_name": "12. Er is een regressietest beschikbaar",
                    "sources": {
                        "f97b2134-5613-4ef1-abd7-532bbc3548ab": {
                            "type": "manual_number",
                            "parameters": {}
                        }
                    },
                    "target": "100",
                    "near_target": "80"
                },
                "f9da3886-6df2-4115-a95e-d4b1a7a01adb": {
                    "type": "compliance",
                    "name": "M34: Het project draagt software beheerst over",
                    "secondary_name": "13. Er is traceerbaarheid van eisen naar testgevallen",
                    "sources": {
                        "c3e412c0-bc4b-4923-8929-82965ad03b2a": {
                            "type": "manual_number",
                            "parameters": {}
                        }
                    },
                    "target": "100",
                    "near_target": "80"
                },
                "7b8346e6-735c-4d32-b026-3819f27ae960": {
                    "type": "compliance",
                    "name": "M34: Het project draagt software beheerst over",
                    "secondary_name": "14. De testset is goed opgebouwd",
                    "sources": {
                        "a1523850-db9a-445a-8ac8-26a1ea5dc2ba": {
                            "type": "manual_number",
                            "parameters": {}
                        }
                    },
                    "target": "100",
                    "near_target": "80"
                },
                "57953458-1fdf-4dfc-bb08-1730f9d45a1c": {
                    "type": "compliance",
                    "name": "M27: Het project sluit projectfasen en zichzelf expliciet af",
                    "secondary_name": "",
                    "sources": {
                        "ebb4f06d-edc4-4909-aa93-5c1e34d15fd2": {
                            "type": "manual_number",
                            "parameters": {}
                        }
                    },
                    "target": "100",
                    "near_target": "80"
                }
            }
        },
        "076f9701-0769-4303-a169-83774cabe7e2": {
            "type": "software",
            "name": "Organisatie",
            "metrics": {
                "74cb516c-4058-4809-b593-f97d91cbf4fa": {
                    "type": "compliance",
                    "name": "M29: ICTU organiseert voor aanvang van een project de interne dienstverlening",
                    "secondary_name": "",
                    "sources": {
                        "cd0fe5d4-7d64-4d96-8cb3-57d7979e39ba": {
                            "type": "manual_number",
                            "parameters": {}
                        }
                    },
                    "target": "100",
                    "near_target": "80"
                },
                "adcdacf9-7a6e-42a1-8806-de675f6b9256": {
                    "type": "compliance",
                    "name": "M19: ICTU biedt projecten een afgeschermde digitale omgeving",
                    "secondary_name": "",
                    "sources": {
                        "c69ce57a-43f0-45cc-a6d5-decff48c36b2": {
                            "type": "manual_number",
                            "parameters": {}
                        }
                    },
                    "target": "100",
                    "near_target": "80"
                },
                "92d5b28a-33b9-4d0a-92af-5a9f34b1943b": {
                    "type": "compliance",
                    "name": "M18: ICTU biedt ondersteuning voor verplicht gestelde tools",
                    "secondary_name": "",
                    "sources": {
                        "7cccf9ea-d23d-4e28-b0d4-7430830dc7a0": {
                            "type": "manual_number",
                            "parameters": {}
                        }
                    },
                    "target": "100",
                    "near_target": "80"
                },
                "a2eb33d1-eb90-42f8-bdc2-f2e5b86d95e8": {
                    "type": "compliance",
                    "name": "M11: ICTU beheert, onderhoudt en implementeert de Kwaliteitsaanpak en kwaliteitsnormen",
                    "secondary_name": "",
                    "sources": {
                        "4df954e3-db27-4b47-b18e-75429340f63b": {
                            "type": "manual_number",
                            "parameters": {}
                        }
                    },
                    "target": "100",
                    "near_target": "80"
                },
                "79912436-dda7-47e1-b94d-35b3b000da6b": {
                    "type": "compliance",
                    "name": "M12: ICTU publiceert nieuwe versies van de Kwaliteitsaanpak en normen periodiek en op een vaste locatie",
                    "secondary_name": "",
                    "sources": {
                        "5cf15d1f-55ff-43ea-8e1b-43239b3d3f5e": {
                            "type": "manual_number",
                            "parameters": {}
                        }
                    },
                    "target": "100",
                    "near_target": "80"
                },
                "94bfc807-b048-4f3c-b4ad-e695b03fb3ad": {
                    "type": "compliance",
                    "name": "M33: ICTU organiseert periodiek een gezamenlijke self-assessment ten aanzien van de Kwaliteitsaanpak",
                    "secondary_name": "",
                    "sources": {
                        "0ab2e225-e604-4eb0-a640-7fca7b4d179e": {
                            "type": "manual_number",
                            "parameters": {}
                        }
                    },
                    "target": "100",
                    "near_target": "80"
                }
            }
        }
    },
    "title": "ICTU Kwaliteitsaanpak Softwareontwikkeling versie wip",
    "subtitle": "Checklist",
    "report_uuid": "ictu_ka_checklist_wip"
}